insert into Local
values ( 'Rua 0 Castelo Branco' );
insert into Local
values ( 'Rua 1 Lisboa' );
insert into Local
values ( 'Rua 2 Porto' );
insert into Local
values ( 'Rua 3 Beja' );
insert into Local
values ( 'Rua 4 Oeiras' );
insert into Local
values ( 'Rua 5 Amares' );
insert into Local
values ( 'Rua 6 Ponta Delgada' );
insert into Local
values ( 'Rua 7 Alcains' );
insert into Local
values ( 'Rua 8 Sarnadas' );
insert into Local
values ( 'Rua 9 Rodao' );
insert into Local
values ( 'Rua 10 Arez' );
insert into Local
values ( 'Rua 11 Nisa' );
insert into Local
values ( 'Rua 12 Mora' );
insert into Local
values ( 'Rua 13 Portalegre' );
insert into Local
values ( 'Rua 14 Aveiro' );
insert into Local
values ( 'Rua 15 Guarda' );
insert into Local
values ( 'Rua 16 Almourol' );
insert into Local
values ( 'Rua 17 Abrantes' );
insert into Local
values ( 'Rua 18 Vila Real' );
insert into Local
values ( 'Rua 19 Entroncamento' );
insert into Local
values ( 'Rua 0 Santarem' );
insert into Local
values ( 'Rua 1 Caldas da Rainha' );
insert into Local
values ( 'Rua 2 Torres Vedras' );
insert into Local
values ( 'Rua 3 Torres Novas' );
insert into Local
values ( 'Rua 4 Castelo Branco' );
insert into Local
values ( 'Rua 5 Lisboa' );
insert into Local
values ( 'Rua 6 Porto' );
insert into Local
values ( 'Rua 7 Beja' );
insert into Local
values ( 'Rua 8 Oeiras' );
insert into Local
values ( 'Rua 9 Amares' );
insert into Local
values ( 'Rua 10 Ponta Delgada' );
insert into Local
values ( 'Rua 11 Alcains' );
insert into Local
values ( 'Rua 12 Sarnadas' );
insert into Local
values ( 'Rua 13 Rodao' );
insert into Local
values ( 'Rua 14 Arez' );
insert into Local
values ( 'Rua 15 Nisa' );
insert into Local
values ( 'Rua 16 Mora' );
insert into Local
values ( 'Rua 17 Portalegre' );
insert into Local
values ( 'Rua 18 Aveiro' );
insert into Local
values ( 'Rua 19 Guarda' );
insert into Local
values ( 'Rua 0 Almourol' );
insert into Local
values ( 'Rua 1 Abrantes' );
insert into Local
values ( 'Rua 2 Vila Real' );
insert into Local
values ( 'Rua 3 Entroncamento' );
insert into Local
values ( 'Rua 4 Santarem' );
insert into Local
values ( 'Rua 5 Caldas da Rainha' );
insert into Local
values ( 'Rua 6 Torres Vedras' );
insert into Local
values ( 'Rua 7 Torres Novas' );
insert into Local
values ( 'Rua 8 Castelo Branco' );
insert into Local
values ( 'Rua 9 Lisboa' );
insert into Local
values ( 'Rua 10 Porto' );
insert into Local
values ( 'Rua 11 Beja' );
insert into Local
values ( 'Rua 12 Oeiras' );
insert into Local
values ( 'Rua 13 Amares' );
insert into Local
values ( 'Rua 14 Ponta Delgada' );
insert into Local
values ( 'Rua 15 Alcains' );
insert into Local
values ( 'Rua 16 Sarnadas' );
insert into Local
values ( 'Rua 17 Rodao' );
insert into Local
values ( 'Rua 18 Arez' );
insert into Local
values ( 'Rua 19 Nisa' );
insert into Local
values ( 'Rua 0 Mora' );
insert into Local
values ( 'Rua 1 Portalegre' );
insert into Local
values ( 'Rua 2 Aveiro' );
insert into Local
values ( 'Rua 3 Guarda' );
insert into Local
values ( 'Rua 4 Almourol' );
insert into Local
values ( 'Rua 5 Abrantes' );
insert into Local
values ( 'Rua 6 Vila Real' );
insert into Local
values ( 'Rua 7 Entroncamento' );
insert into Local
values ( 'Rua 8 Santarem' );
insert into Local
values ( 'Rua 9 Caldas da Rainha' );
insert into Local
values ( 'Rua 10 Torres Vedras' );
insert into Local
values ( 'Rua 11 Torres Novas' );
insert into Local
values ( 'Rua 12 Castelo Branco' );
insert into Local
values ( 'Rua 13 Lisboa' );
insert into Local
values ( 'Rua 14 Porto' );
insert into Local
values ( 'Rua 15 Beja' );
insert into Local
values ( 'Rua 16 Oeiras' );
insert into Local
values ( 'Rua 17 Amares' );
insert into Local
values ( 'Rua 18 Ponta Delgada' );
insert into Local
values ( 'Rua 19 Alcains' );
insert into Local
values ( 'Rua 0 Sarnadas' );
insert into Local
values ( 'Rua 1 Rodao' );
insert into Local
values ( 'Rua 2 Arez' );
insert into Local
values ( 'Rua 3 Nisa' );
insert into Local
values ( 'Rua 4 Mora' );
insert into Local
values ( 'Rua 5 Portalegre' );
insert into Local
values ( 'Rua 6 Aveiro' );
insert into Local
values ( 'Rua 7 Guarda' );
insert into Local
values ( 'Rua 8 Almourol' );
insert into Local
values ( 'Rua 9 Abrantes' );
insert into Local
values ( 'Rua 10 Vila Real' );
insert into Local
values ( 'Rua 11 Entroncamento' );
insert into Local
values ( 'Rua 2 Lisboa' );
insert into Local
values ( 'Rua 3 Porto' );
insert into Local
values ( 'Rua 4 Beja' );
insert into Local
values ( 'Rua 5 Oeiras' );
insert into Local
values ( 'Rua 6 Amares' );
insert into Local
values ( 'Rua 7 Ponta Delgada' );
insert into Local
values ( 'Rua 8 Alcains' );
insert into Local
values ( 'Rua 9 Sarnadas' );
insert into Local
values('Monchique');
insert into Camara
values(1);
insert into Camara
values(2);
insert into Camara
values(3);
insert into Camara
values(4);
insert into Camara
values(5);
insert into Camara
values(6);
insert into Camara
values(7);
insert into Camara
values(8);
insert into Camara
values(9);
insert into Camara
values(10);
insert into Camara
values(11);
insert into Camara
values(12);
insert into Camara
values(13);
insert into Camara
values(14);
insert into Camara
values(15);
insert into Camara
values(16);
insert into Camara
values(17);
insert into Camara
values(18);
insert into Camara
values(19);
insert into Camara
values(20);
insert into Camara
values(21);
insert into Camara
values(22);
insert into Camara
values(23);
insert into Camara
values(24);
insert into Camara
values(25);
insert into Camara
values(26);
insert into Camara
values(27);
insert into Camara
values(28);
insert into Camara
values(29);
insert into Camara
values(30);
insert into Camara
values(31);
insert into Camara
values(32);
insert into Camara
values(33);
insert into Camara
values(34);
insert into Camara
values(35);
insert into Camara
values(36);
insert into Camara
values(37);
insert into Camara
values(38);
insert into Camara
values(39);
insert into Camara
values(40);
insert into Camara
values(41);
insert into Camara
values(42);
insert into Camara
values(43);
insert into Camara
values(44);
insert into Camara
values(45);
insert into Camara
values(46);
insert into Camara
values(47);
insert into Camara
values(48);
insert into Camara
values(49);
insert into Camara
values(50);
insert into Camara
values(51);
insert into Camara
values(52);
insert into Camara
values(53);
insert into Camara
values(54);
insert into Camara
values(55);
insert into Camara
values(56);
insert into Camara
values(57);
insert into Camara
values(58);
insert into Camara
values(59);
insert into Camara
values(60);
insert into Camara
values(61);
insert into Camara
values(62);
insert into Camara
values(63);
insert into Camara
values(64);
insert into Camara
values(65);
insert into Camara
values(66);
insert into Camara
values(67);
insert into Camara
values(68);
insert into Camara
values(69);
insert into Camara
values(70);
insert into Camara
values(71);
insert into Camara
values(72);
insert into Camara
values(73);
insert into Camara
values(74);
insert into Camara
values(75);
insert into Camara
values(76);
insert into Camara
values(77);
insert into Camara
values(78);
insert into Camara
values(79);
insert into Camara
values(80);
insert into Camara
values(81);
insert into Camara
values(82);
insert into Camara
values(83);
insert into Camara
values(84);
insert into Camara
values(85);
insert into Camara
values(86);
insert into Camara
values(87);
insert into Camara
values(88);
insert into Camara
values(89);
insert into Camara
values(90);
insert into Camara
values(91);
insert into Camara
values(92);
insert into Camara
values(93);
insert into Camara
values(94);
insert into Camara
values(95);
insert into Camara
values(96);
insert into Camara
values(97);
insert into Camara
values(98);
insert into Camara
values(99);
insert into Camara
values(100);
insert into Video
values('2018-8-1 13:10:05','2018-10-2 10:10:00',1);
insert into Video
values('2018-8-1 13:10:05','2018-10-3 10:10:00',2);
insert into Video
values('2018-8-1 13:10:05','2018-10-4 10:10:00',3);
insert into Video
values('2018-8-1 13:10:05','2018-10-5 10:10:00',4);
insert into Video
values('2018-8-1 13:10:05','2018-10-6 10:10:00',5);
insert into Video
values('2018-8-1 13:10:05','2018-10-7 10:10:00',6);
insert into Video
values('2018-8-1 13:10:05','2018-10-8 10:10:00',7);
insert into Video
values('2018-8-1 13:10:05','2018-10-9 10:10:00',8);
insert into Video
values('2018-8-1 13:10:05','2018-10-10 10:10:00',9);
insert into Video
values('2018-8-1 13:10:05','2018-10-11 10:10:00',10);
insert into Video
values('2018-8-1 13:10:05','2018-10-1 10:10:00',11);
insert into Video
values('2018-8-1 13:10:05','2018-10-2 10:10:00',12);
insert into Video
values('2018-8-1 13:10:05','2018-10-3 10:10:00',13);
insert into Video
values('2018-8-1 13:10:05','2018-10-4 10:10:00',14);
insert into Video
values('2018-8-1 13:10:05','2018-10-5 10:10:00',15);
insert into Video
values('2018-8-1 13:10:05','2018-10-6 10:10:00',16);
insert into Video
values('2018-8-1 13:10:05','2018-10-7 10:10:00',17);
insert into Video
values('2018-8-1 13:10:05','2018-10-8 10:10:00',18);
insert into Video
values('2018-8-1 13:10:05','2018-10-9 10:10:00',19);
insert into Video
values('2018-8-1 13:10:05','2018-10-10 10:10:00',20);
insert into Video
values('2018-8-1 13:10:05','2018-10-11 10:10:00',21);
insert into Video
values('2018-8-1 13:10:05','2018-10-1 10:10:00',22);
insert into Video
values('2018-8-1 13:10:05','2018-10-2 10:10:00',23);
insert into Video
values('2018-8-1 13:10:05','2018-10-3 10:10:00',24);
insert into Video
values('2018-8-1 13:10:05','2018-10-4 10:10:00',25);
insert into Video
values('2018-8-1 13:10:05','2018-10-5 10:10:00',26);
insert into Video
values('2018-8-1 13:10:05','2018-10-6 10:10:00',27);
insert into Video
values('2018-8-1 13:10:05','2018-10-7 10:10:00',28);
insert into Video
values('2018-8-1 13:10:05','2018-10-8 10:10:00',29);
insert into Video
values('2018-8-1 13:10:05','2018-10-9 10:10:00',30);
insert into Video
values('2018-8-1 13:10:05','2018-10-10 10:10:00',31);
insert into Video
values('2018-8-1 13:10:05','2018-10-11 10:10:00',32);
insert into Video
values('2018-8-1 13:10:05','2018-10-1 10:10:00',33);
insert into Video
values('2018-8-1 13:10:05','2018-10-2 10:10:00',34);
insert into Video
values('2018-8-1 13:10:05','2018-10-3 10:10:00',35);
insert into Video
values('2018-8-1 13:10:05','2018-10-4 10:10:00',36);
insert into Video
values('2018-8-1 13:10:05','2018-10-5 10:10:00',37);
insert into Video
values('2018-8-1 13:10:05','2018-10-6 10:10:00',38);
insert into Video
values('2018-8-1 13:10:05','2018-10-7 10:10:00',39);
insert into Video
values('2018-8-1 13:10:05','2018-10-8 10:10:00',40);
insert into Video
values('2018-8-1 13:10:05','2018-10-9 10:10:00',41);
insert into Video
values('2018-8-1 13:10:05','2018-10-10 10:10:00',42);
insert into Video
values('2018-8-1 13:10:05','2018-10-11 10:10:00',43);
insert into Video
values('2018-8-1 13:10:05','2018-10-1 10:10:00',44);
insert into Video
values('2018-8-1 13:10:05','2018-10-2 10:10:00',45);
insert into Video
values('2018-8-1 13:10:05','2018-10-3 10:10:00',46);
insert into Video
values('2018-8-1 13:10:05','2018-10-4 10:10:00',47);
insert into Video
values('2018-8-1 13:10:05','2018-10-5 10:10:00',48);
insert into Video
values('2018-8-1 13:10:05','2018-10-6 10:10:00',49);
insert into Video
values('2018-8-1 13:10:05','2018-10-7 10:10:00',50);
insert into Video
values('2018-8-1 13:10:05','2018-10-8 10:10:00',51);
insert into Video
values('2018-8-1 13:10:05','2018-10-9 10:10:00',52);
insert into Video
values('2018-8-1 13:10:05','2018-10-10 10:10:00',53);
insert into Video
values('2018-8-1 13:10:05','2018-10-11 10:10:00',54);
insert into Video
values('2018-8-1 13:10:05','2018-10-1 10:10:00',55);
insert into Video
values('2018-8-1 13:10:05','2018-10-2 10:10:00',56);
insert into Video
values('2018-8-1 13:10:05','2018-10-3 10:10:00',57);
insert into Video
values('2018-8-1 13:10:05','2018-10-4 10:10:00',58);
insert into Video
values('2018-8-1 13:10:05','2018-10-5 10:10:00',59);
insert into Video
values('2018-8-1 13:10:05','2018-10-6 10:10:00',60);
insert into Video
values('2018-8-1 13:10:05','2018-10-7 10:10:00',61);
insert into Video
values('2018-8-1 13:10:05','2018-10-8 10:10:00',62);
insert into Video
values('2018-8-1 13:10:05','2018-10-9 10:10:00',63);
insert into Video
values('2018-8-1 13:10:05','2018-10-10 10:10:00',64);
insert into Video
values('2018-8-1 13:10:05','2018-10-11 10:10:00',65);
insert into Video
values('2018-8-1 13:10:05','2018-10-1 10:10:00',66);
insert into Video
values('2018-8-1 13:10:05','2018-10-2 10:10:00',67);
insert into Video
values('2018-8-1 13:10:05','2018-10-3 10:10:00',68);
insert into Video
values('2018-8-1 13:10:05','2018-10-4 10:10:00',69);
insert into Video
values('2018-8-1 13:10:05','2018-10-5 10:10:00',70);
insert into Video
values('2018-8-1 13:10:05','2018-10-6 10:10:00',71);
insert into Video
values('2018-8-1 13:10:05','2018-10-7 10:10:00',72);
insert into Video
values('2018-8-1 13:10:05','2018-10-8 10:10:00',73);
insert into Video
values('2018-8-1 13:10:05','2018-10-9 10:10:00',74);
insert into Video
values('2018-8-1 13:10:05','2018-10-10 10:10:00',75);
insert into Video
values('2018-8-1 13:10:05','2018-10-11 10:10:00',76);
insert into Video
values('2018-8-1 13:10:05','2018-10-1 10:10:00',77);
insert into Video
values('2018-8-1 13:10:05','2018-10-2 10:10:00',78);
insert into Video
values('2018-8-1 13:10:05','2018-10-3 10:10:00',79);
insert into Video
values('2018-8-1 13:10:05','2018-10-4 10:10:00',80);
insert into Video
values('2018-8-1 13:10:05','2018-10-5 10:10:00',81);
insert into Video
values('2018-8-1 13:10:05','2018-10-6 10:10:00',82);
insert into Video
values('2018-8-1 13:10:05','2018-10-7 10:10:00',83);
insert into Video
values('2018-8-1 13:10:05','2018-10-8 10:10:00',84);
insert into Video
values('2018-8-1 13:10:05','2018-10-9 10:10:00',85);
insert into Video
values('2018-8-1 13:10:05','2018-10-10 10:10:00',86);
insert into Video
values('2018-8-1 13:10:05','2018-10-11 10:10:00',87);
insert into Video
values('2018-8-1 13:10:05','2018-10-1 10:10:00',88);
insert into Video
values('2018-8-1 13:10:05','2018-10-2 10:10:00',89);
insert into Video
values('2018-8-1 13:10:05','2018-10-3 10:10:00',90);
insert into Video
values('2018-8-1 13:10:05','2018-10-4 10:10:00',91);
insert into Video
values('2018-8-1 13:10:05','2018-10-5 10:10:00',92);
insert into Video
values('2018-8-1 13:10:05','2018-10-6 10:10:00',93);
insert into Video
values('2018-8-1 13:10:05','2018-10-7 10:10:00',94);
insert into Video
values('2018-8-1 13:10:05','2018-10-8 10:10:00',95);
insert into Video
values('2018-8-1 13:10:05','2018-10-9 10:10:00',96);
insert into Video
values('2018-8-1 13:10:05','2018-10-10 10:10:00',97);
insert into Video
values('2018-8-1 13:10:05','2018-10-11 10:10:00',98);
insert into Video
values('2018-8-1 13:10:05','2018-10-1 10:10:00',99);
insert into Video
values('2018-8-1 13:10:05','2018-10-2 10:10:00',100);
insert into Vigia
values ( 'Rua 0 Castelo Branco' , 1 );
insert into Vigia
values ( 'Rua 1 Lisboa' , 2 );
insert into Vigia
values ( 'Rua 2 Porto' , 3 );
insert into Vigia
values ( 'Rua 3 Beja' , 4 );
insert into Vigia
values ( 'Rua 4 Oeiras' , 5 );
insert into Vigia
values ( 'Rua 5 Amares' , 6 );
insert into Vigia
values ( 'Rua 6 Ponta Delgada' , 7 );
insert into Vigia
values ( 'Rua 7 Alcains' , 8 );
insert into Vigia
values ( 'Rua 8 Sarnadas' , 9 );
insert into Vigia
values ( 'Rua 9 Rodao' , 10 );
insert into Vigia
values ( 'Rua 10 Arez' , 11 );
insert into Vigia
values ( 'Rua 11 Nisa' , 12 );
insert into Vigia
values ( 'Rua 12 Mora' , 13 );
insert into Vigia
values ( 'Rua 13 Portalegre' , 14 );
insert into Vigia
values ( 'Rua 14 Aveiro' , 15 );
insert into Vigia
values ( 'Rua 15 Guarda' , 16 );
insert into Vigia
values ( 'Rua 16 Almourol' , 17 );
insert into Vigia
values ( 'Rua 17 Abrantes' , 18 );
insert into Vigia
values ( 'Rua 18 Vila Real' , 19 );
insert into Vigia
values ( 'Rua 19 Entroncamento' , 20 );
insert into Vigia
values ( 'Rua 0 Santarem' , 21 );
insert into Vigia
values ( 'Rua 1 Caldas da Rainha' , 22 );
insert into Vigia
values ( 'Rua 2 Torres Vedras' , 23 );
insert into Vigia
values ( 'Rua 3 Torres Novas' , 24 );
insert into Vigia
values ( 'Rua 4 Castelo Branco' , 25 );
insert into Vigia
values ( 'Rua 5 Lisboa' , 26 );
insert into Vigia
values ( 'Rua 6 Porto' , 27 );
insert into Vigia
values ( 'Rua 7 Beja' , 28 );
insert into Vigia
values ( 'Rua 8 Oeiras' , 29 );
insert into Vigia
values ( 'Rua 9 Amares' , 30 );
insert into Vigia
values ( 'Rua 10 Ponta Delgada' , 31 );
insert into Vigia
values ( 'Rua 11 Alcains' , 32 );
insert into Vigia
values ( 'Rua 12 Sarnadas' , 33 );
insert into Vigia
values ( 'Rua 13 Rodao' , 34 );
insert into Vigia
values ( 'Rua 14 Arez' , 35 );
insert into Vigia
values ( 'Rua 15 Nisa' , 36 );
insert into Vigia
values ( 'Rua 16 Mora' , 37 );
insert into Vigia
values ( 'Rua 17 Portalegre' , 38 );
insert into Vigia
values ( 'Rua 18 Aveiro' , 39 );
insert into Vigia
values ( 'Rua 19 Guarda' , 40 );
insert into Vigia
values ( 'Rua 0 Almourol' , 41 );
insert into Vigia
values ( 'Rua 1 Abrantes' , 42 );
insert into Vigia
values ( 'Rua 2 Vila Real' , 43 );
insert into Vigia
values ( 'Rua 3 Entroncamento' , 44 );
insert into Vigia
values ( 'Rua 4 Santarem' , 45 );
insert into Vigia
values ( 'Rua 5 Caldas da Rainha' , 46 );
insert into Vigia
values ( 'Rua 6 Torres Vedras' , 47 );
insert into Vigia
values ( 'Rua 7 Torres Novas' , 48 );
insert into Vigia
values ( 'Rua 8 Castelo Branco' , 49 );
insert into Vigia
values ( 'Rua 9 Lisboa' , 50 );
insert into Vigia
values ( 'Rua 10 Porto' , 51 );
insert into Vigia
values ( 'Rua 11 Beja' , 52 );
insert into Vigia
values ( 'Rua 12 Oeiras' , 53 );
insert into Vigia
values ( 'Rua 13 Amares' , 54 );
insert into Vigia
values ( 'Rua 14 Ponta Delgada' , 55 );
insert into Vigia
values ( 'Rua 15 Alcains' , 56 );
insert into Vigia
values ( 'Rua 16 Sarnadas' , 57 );
insert into Vigia
values ( 'Rua 17 Rodao' , 58 );
insert into Vigia
values ( 'Rua 18 Arez' , 59 );
insert into Vigia
values ( 'Rua 19 Nisa' , 60 );
insert into Vigia
values ( 'Rua 0 Mora' , 61 );
insert into Vigia
values ( 'Rua 1 Portalegre' , 62 );
insert into Vigia
values ( 'Rua 2 Aveiro' , 63 );
insert into Vigia
values ( 'Rua 3 Guarda' , 64 );
insert into Vigia
values ( 'Rua 4 Almourol' , 65 );
insert into Vigia
values ( 'Rua 5 Abrantes' , 66 );
insert into Vigia
values ( 'Rua 6 Vila Real' , 67 );
insert into Vigia
values ( 'Rua 7 Entroncamento' , 68 );
insert into Vigia
values ( 'Rua 8 Santarem' , 69 );
insert into Vigia
values ( 'Rua 9 Caldas da Rainha' , 70 );
insert into Vigia
values ( 'Rua 10 Torres Vedras' , 71 );
insert into Vigia
values ( 'Rua 11 Torres Novas' , 72 );
insert into Vigia
values ( 'Rua 12 Castelo Branco' , 73 );
insert into Vigia
values ( 'Rua 13 Lisboa' , 74 );
insert into Vigia
values ( 'Rua 14 Porto' , 75 );
insert into Vigia
values ( 'Rua 15 Beja' , 76 );
insert into Vigia
values ( 'Rua 16 Oeiras' , 77 );
insert into Vigia
values ( 'Rua 17 Amares' , 78 );
insert into Vigia
values ( 'Rua 18 Ponta Delgada' , 79 );
insert into Vigia
values ( 'Rua 19 Alcains' , 80 );
insert into Vigia
values ( 'Rua 0 Sarnadas' , 81 );
insert into Vigia
values ( 'Rua 1 Rodao' , 82 );
insert into Vigia
values ( 'Rua 2 Arez' , 83 );
insert into Vigia
values ( 'Rua 3 Nisa' , 84 );
insert into Vigia
values ( 'Rua 4 Mora' , 85 );
insert into Vigia
values ( 'Rua 5 Portalegre' , 86 );
insert into Vigia
values ( 'Rua 6 Aveiro' , 87 );
insert into Vigia
values ( 'Rua 7 Guarda' , 88 );
insert into Vigia
values ( 'Rua 8 Almourol' , 89 );
insert into Vigia
values ( 'Rua 9 Abrantes' , 90 );
insert into Vigia
values ( 'Rua 10 Vila Real' , 91 );
insert into Vigia
values ( 'Rua 11 Entroncamento' , 92 );
insert into Vigia
values ( 'Rua 2 Lisboa' , 93 );
insert into Vigia
values ( 'Rua 3 Porto' , 94 );
insert into Vigia
values ( 'Rua 4 Beja' , 95 );
insert into Vigia
values ( 'Rua 5 Oeiras' , 96 );
insert into Vigia
values ( 'Rua 6 Amares' , 97 );
insert into Vigia
values ( 'Rua 7 Ponta Delgada' , 98 );
insert into Vigia
values ( 'Rua 8 Alcains' , 99 );
insert into Vigia
values('Monchique', 100);
insert into ProcessoSocorro
values ( 1 );
insert into ProcessoSocorro
values ( 2 );
insert into ProcessoSocorro
values ( 3 );
insert into ProcessoSocorro
values ( 4 );
insert into ProcessoSocorro
values ( 5 );
insert into ProcessoSocorro
values ( 6 );
insert into ProcessoSocorro
values ( 7 );
insert into ProcessoSocorro
values ( 8 );
insert into ProcessoSocorro
values ( 9 );
insert into ProcessoSocorro
values ( 10 );
insert into ProcessoSocorro
values ( 11 );
insert into ProcessoSocorro
values ( 12 );
insert into ProcessoSocorro
values ( 13 );
insert into ProcessoSocorro
values ( 14 );
insert into ProcessoSocorro
values ( 15 );
insert into ProcessoSocorro
values ( 16 );
insert into ProcessoSocorro
values ( 17 );
insert into ProcessoSocorro
values ( 18 );
insert into ProcessoSocorro
values ( 19 );
insert into ProcessoSocorro
values ( 20 );
insert into ProcessoSocorro
values ( 21 );
insert into ProcessoSocorro
values ( 22 );
insert into ProcessoSocorro
values ( 23 );
insert into ProcessoSocorro
values ( 24 );
insert into ProcessoSocorro
values ( 25 );
insert into ProcessoSocorro
values ( 26 );
insert into ProcessoSocorro
values ( 27 );
insert into ProcessoSocorro
values ( 28 );
insert into ProcessoSocorro
values ( 29 );
insert into ProcessoSocorro
values ( 30 );
insert into ProcessoSocorro
values ( 31 );
insert into ProcessoSocorro
values ( 32 );
insert into ProcessoSocorro
values ( 33 );
insert into ProcessoSocorro
values ( 34 );
insert into ProcessoSocorro
values ( 35 );
insert into ProcessoSocorro
values ( 36 );
insert into ProcessoSocorro
values ( 37 );
insert into ProcessoSocorro
values ( 38 );
insert into ProcessoSocorro
values ( 39 );
insert into ProcessoSocorro
values ( 40 );
insert into ProcessoSocorro
values ( 41 );
insert into ProcessoSocorro
values ( 42 );
insert into ProcessoSocorro
values ( 43 );
insert into ProcessoSocorro
values ( 44 );
insert into ProcessoSocorro
values ( 45 );
insert into ProcessoSocorro
values ( 46 );
insert into ProcessoSocorro
values ( 47 );
insert into ProcessoSocorro
values ( 48 );
insert into ProcessoSocorro
values ( 49 );
insert into ProcessoSocorro
values ( 50 );
insert into ProcessoSocorro
values ( 51 );
insert into ProcessoSocorro
values ( 52 );
insert into ProcessoSocorro
values ( 53 );
insert into ProcessoSocorro
values ( 54 );
insert into ProcessoSocorro
values ( 55 );
insert into ProcessoSocorro
values ( 56 );
insert into ProcessoSocorro
values ( 57 );
insert into ProcessoSocorro
values ( 58 );
insert into ProcessoSocorro
values ( 59 );
insert into ProcessoSocorro
values ( 60 );
insert into ProcessoSocorro
values ( 61 );
insert into ProcessoSocorro
values ( 62 );
insert into ProcessoSocorro
values ( 63 );
insert into ProcessoSocorro
values ( 64 );
insert into ProcessoSocorro
values ( 65 );
insert into ProcessoSocorro
values ( 66 );
insert into ProcessoSocorro
values ( 67 );
insert into ProcessoSocorro
values ( 68 );
insert into ProcessoSocorro
values ( 69 );
insert into ProcessoSocorro
values ( 70 );
insert into ProcessoSocorro
values ( 71 );
insert into ProcessoSocorro
values ( 72 );
insert into ProcessoSocorro
values ( 73 );
insert into ProcessoSocorro
values ( 74 );
insert into ProcessoSocorro
values ( 75 );
insert into ProcessoSocorro
values ( 76 );
insert into ProcessoSocorro
values ( 77 );
insert into ProcessoSocorro
values ( 78 );
insert into ProcessoSocorro
values ( 79 );
insert into ProcessoSocorro
values ( 80 );
insert into ProcessoSocorro
values ( 81 );
insert into ProcessoSocorro
values ( 82 );
insert into ProcessoSocorro
values ( 83 );
insert into ProcessoSocorro
values ( 84 );
insert into ProcessoSocorro
values ( 85 );
insert into ProcessoSocorro
values ( 86 );
insert into ProcessoSocorro
values ( 87 );
insert into ProcessoSocorro
values ( 88 );
insert into ProcessoSocorro
values ( 89 );
insert into ProcessoSocorro
values ( 90 );
insert into ProcessoSocorro
values ( 91 );
insert into ProcessoSocorro
values ( 92 );
insert into ProcessoSocorro
values ( 93 );
insert into ProcessoSocorro
values ( 94 );
insert into ProcessoSocorro
values ( 95 );
insert into ProcessoSocorro
values ( 96 );
insert into ProcessoSocorro
values ( 97 );
insert into ProcessoSocorro
values ( 98 );
insert into ProcessoSocorro
values ( 99 );
insert into ProcessoSocorro
values ( 100 );
insert into EntidadeMeio
values ( 'Policia de Lisboa' );
insert into EntidadeMeio
values ( 'Bombeiros de Porto' );
insert into EntidadeMeio
values ( 'Posto militar de Beja' );
insert into EntidadeMeio
values ( 'Forca aerea de Oeiras' );
insert into EntidadeMeio
values ( 'Hospital de Amares' );
insert into EntidadeMeio
values ( 'Policia de Ponta Delgada' );
insert into EntidadeMeio
values ( 'Bombeiros de Alcains' );
insert into EntidadeMeio
values ( 'Posto militar de Sarnadas' );
insert into EntidadeMeio
values ( 'Forca aerea de Rodao' );
insert into EntidadeMeio
values ( 'Hospital de Arez' );
insert into EntidadeMeio
values ( 'Policia de Nisa' );
insert into EntidadeMeio
values ( 'Bombeiros de Mora' );
insert into EntidadeMeio
values ( 'Posto militar de Portalegre' );
insert into EntidadeMeio
values ( 'Forca aerea de Aveiro' );
insert into EntidadeMeio
values ( 'Hospital de Guarda' );
insert into EntidadeMeio
values ( 'Policia de Almourol' );
insert into EntidadeMeio
values ( 'Bombeiros de Abrantes' );
insert into EntidadeMeio
values ( 'Posto militar de Vila Real' );
insert into EntidadeMeio
values ( 'Forca aerea de Entroncamento' );
insert into EntidadeMeio
values ( 'Hospital de Santarem' );
insert into EntidadeMeio
values ( 'Policia de Caldas da Rainha' );
insert into EntidadeMeio
values ( 'Bombeiros de Torres Vedras' );
insert into EntidadeMeio
values ( 'Posto militar de Torres Novas' );
insert into EntidadeMeio
values ( 'Forca aerea de Castelo Branco' );
insert into EntidadeMeio
values ( 'Hospital de Lisboa' );
insert into EntidadeMeio
values ( 'Policia de Porto' );
insert into EntidadeMeio
values ( 'Bombeiros de Beja' );
insert into EntidadeMeio
values ( 'Posto militar de Oeiras' );
insert into EntidadeMeio
values ( 'Forca aerea de Amares' );
insert into EntidadeMeio
values ( 'Hospital de Ponta Delgada' );
insert into EntidadeMeio
values ( 'Policia de Alcains' );
insert into EntidadeMeio
values ( 'Bombeiros de Sarnadas' );
insert into EntidadeMeio
values ( 'Posto militar de Rodao' );
insert into EntidadeMeio
values ( 'Forca aerea de Arez' );
insert into EntidadeMeio
values ( 'Hospital de Nisa' );
insert into EntidadeMeio
values ( 'Policia de Mora' );
insert into EntidadeMeio
values ( 'Bombeiros de Portalegre' );
insert into EntidadeMeio
values ( 'Posto militar de Aveiro' );
insert into EntidadeMeio
values ( 'Forca aerea de Guarda' );
insert into EntidadeMeio
values ( 'Hospital de Almourol' );
insert into EntidadeMeio
values ( 'Policia de Abrantes' );
insert into EntidadeMeio
values ( 'Bombeiros de Vila Real' );
insert into EntidadeMeio
values ( 'Posto militar de Entroncamento' );
insert into EntidadeMeio
values ( 'Forca aerea de Santarem' );
insert into EntidadeMeio
values ( 'Hospital de Caldas da Rainha' );
insert into EntidadeMeio
values ( 'Policia de Torres Vedras' );
insert into EntidadeMeio
values ( 'Bombeiros de Torres Novas' );
insert into EntidadeMeio
values ( 'Posto militar de Castelo Branco' );
insert into EntidadeMeio
values ( 'Forca aerea de Lisboa' );
insert into EntidadeMeio
values ( 'Hospital de Porto' );
insert into EntidadeMeio
values ( 'Policia de Beja' );
insert into EntidadeMeio
values ( 'Bombeiros de Oeiras' );
insert into EntidadeMeio
values ( 'Posto militar de Amares' );
insert into EntidadeMeio
values ( 'Forca aerea de Ponta Delgada' );
insert into EntidadeMeio
values ( 'Hospital de Alcains' );
insert into EntidadeMeio
values ( 'Policia de Sarnadas' );
insert into EntidadeMeio
values ( 'Bombeiros de Rodao' );
insert into EntidadeMeio
values ( 'Posto militar de Arez' );
insert into EntidadeMeio
values ( 'Forca aerea de Nisa' );
insert into EntidadeMeio
values ( 'Hospital de Mora' );
insert into EntidadeMeio
values ( 'Policia de Portalegre' );
insert into EntidadeMeio
values ( 'Bombeiros de Aveiro' );
insert into EntidadeMeio
values ( 'Posto militar de Guarda' );
insert into EntidadeMeio
values ( 'Forca aerea de Almourol' );
insert into EntidadeMeio
values ( 'Hospital de Abrantes' );
insert into EntidadeMeio
values ( 'Policia de Vila Real' );
insert into EntidadeMeio
values ( 'Bombeiros de Entroncamento' );
insert into EntidadeMeio
values ( 'Posto militar de Santarem' );
insert into EntidadeMeio
values ( 'Forca aerea de Caldas da Rainha' );
insert into EntidadeMeio
values ( 'Hospital de Torres Vedras' );
insert into EntidadeMeio
values ( 'Policia de Torres Novas' );
insert into EntidadeMeio
values ( 'Bombeiros de Castelo Branco' );
insert into EntidadeMeio
values ( 'Posto militar de Lisboa' );
insert into EntidadeMeio
values ( 'Forca aerea de Porto' );
insert into EntidadeMeio
values ( 'Hospital de Beja' );
insert into EntidadeMeio
values ( 'Policia de Oeiras' );
insert into EntidadeMeio
values ( 'Bombeiros de Amares' );
insert into EntidadeMeio
values ( 'Posto militar de Ponta Delgada' );
insert into EntidadeMeio
values ( 'Forca aerea de Alcains' );
insert into EntidadeMeio
values ( 'Hospital de Sarnadas' );
insert into EntidadeMeio
values ( 'Policia de Rodao' );
insert into EntidadeMeio
values ( 'Bombeiros de Arez' );
insert into EntidadeMeio
values ( 'Posto militar de Nisa' );
insert into EntidadeMeio
values ( 'Forca aerea de Mora' );
insert into EntidadeMeio
values ( 'Hospital de Portalegre' );
insert into EntidadeMeio
values ( 'Policia de Aveiro' );
insert into EntidadeMeio
values ( 'Bombeiros de Guarda' );
insert into EntidadeMeio
values ( 'Posto militar de Almourol' );
insert into EntidadeMeio
values ( 'Forca aerea de Abrantes' );
insert into EntidadeMeio
values ( 'Hospital de Vila Real' );
insert into EntidadeMeio
values ( 'Policia de Entroncamento' );
insert into EntidadeMeio
values ( 'Bombeiros de Santarem' );
insert into EntidadeMeio
values ( 'Posto militar de Caldas da Rainha' );
insert into EntidadeMeio
values ( 'Forca aerea de Torres Vedras' );
insert into EntidadeMeio
values ( 'Hospital de Torres Novas' );
insert into EntidadeMeio
values ( 'Policia de Castelo Branco' );
insert into EntidadeMeio
values ( 'Bombeiros de Lisboa' );
insert into EntidadeMeio
values ( 'Posto militar de Porto' );
insert into EntidadeMeio
values ( 'Forca aerea de Beja' );
insert into EntidadeMeio
values ( 'Hospital de Castelo Branco' );
insert into Meio
values (1,'Meio 1','Policia de Lisboa' );
insert into Meio
values (2,'Meio 2','Bombeiros de Porto' );
insert into Meio
values (3,'Meio 3','Posto militar de Beja' );
insert into Meio
values (4,'Meio 4','Forca aerea de Oeiras' );
insert into Meio
values (5,'Meio 5','Hospital de Amares' );
insert into Meio
values (6,'Meio 6','Policia de Ponta Delgada' );
insert into Meio
values (7,'Meio 7','Bombeiros de Alcains' );
insert into Meio
values (8,'Meio 8','Posto militar de Sarnadas' );
insert into Meio
values (9,'Meio 9','Forca aerea de Rodao' );
insert into Meio
values (10,'Meio 10','Hospital de Arez' );
insert into Meio
values (11,'Meio 11','Policia de Nisa' );
insert into Meio
values (12,'Meio 12','Bombeiros de Mora' );
insert into Meio
values (13,'Meio 13','Posto militar de Portalegre' );
insert into Meio
values (14,'Meio 14','Forca aerea de Aveiro' );
insert into Meio
values (15,'Meio 15','Hospital de Guarda' );
insert into Meio
values (16,'Meio 16','Policia de Almourol' );
insert into Meio
values (17,'Meio 17','Bombeiros de Abrantes' );
insert into Meio
values (18,'Meio 18','Posto militar de Vila Real' );
insert into Meio
values (19,'Meio 19','Forca aerea de Entroncamento' );
insert into Meio
values (20,'Meio 20','Hospital de Santarem' );
insert into Meio
values (21,'Meio 21','Policia de Caldas da Rainha' );
insert into Meio
values (22,'Meio 22','Bombeiros de Torres Vedras' );
insert into Meio
values (23,'Meio 23','Posto militar de Torres Novas' );
insert into Meio
values (24,'Meio 24','Forca aerea de Castelo Branco' );
insert into Meio
values (25,'Meio 25','Hospital de Lisboa' );
insert into Meio
values (26,'Meio 26','Policia de Porto' );
insert into Meio
values (27,'Meio 27','Bombeiros de Beja' );
insert into Meio
values (28,'Meio 28','Posto militar de Oeiras' );
insert into Meio
values (29,'Meio 29','Forca aerea de Amares' );
insert into Meio
values (30,'Meio 30','Hospital de Ponta Delgada' );
insert into Meio
values (31,'Meio 31','Policia de Alcains' );
insert into Meio
values (32,'Meio 32','Bombeiros de Sarnadas' );
insert into Meio
values (33,'Meio 33','Posto militar de Rodao' );
insert into Meio
values (34,'Meio 34','Forca aerea de Arez' );
insert into Meio
values (35,'Meio 35','Hospital de Nisa' );
insert into Meio
values (36,'Meio 36','Policia de Mora' );
insert into Meio
values (37,'Meio 37','Bombeiros de Portalegre' );
insert into Meio
values (38,'Meio 38','Posto militar de Aveiro' );
insert into Meio
values (39,'Meio 39','Forca aerea de Guarda' );
insert into Meio
values (40,'Meio 40','Hospital de Almourol' );
insert into Meio
values (41,'Meio 41','Policia de Abrantes' );
insert into Meio
values (42,'Meio 42','Bombeiros de Vila Real' );
insert into Meio
values (43,'Meio 43','Posto militar de Entroncamento' );
insert into Meio
values (44,'Meio 44','Forca aerea de Santarem' );
insert into Meio
values (45,'Meio 45','Hospital de Caldas da Rainha' );
insert into Meio
values (46,'Meio 46','Policia de Torres Vedras' );
insert into Meio
values (47,'Meio 47','Bombeiros de Torres Novas' );
insert into Meio
values (48,'Meio 48','Posto militar de Castelo Branco' );
insert into Meio
values (49,'Meio 49','Forca aerea de Lisboa' );
insert into Meio
values (50,'Meio 50','Hospital de Porto' );
insert into Meio
values (51,'Meio 51','Policia de Beja' );
insert into Meio
values (52,'Meio 52','Bombeiros de Oeiras' );
insert into Meio
values (53,'Meio 53','Posto militar de Amares' );
insert into Meio
values (54,'Meio 54','Forca aerea de Ponta Delgada' );
insert into Meio
values (55,'Meio 55','Hospital de Alcains' );
insert into Meio
values (56,'Meio 56','Policia de Sarnadas' );
insert into Meio
values (57,'Meio 57','Bombeiros de Rodao' );
insert into Meio
values (58,'Meio 58','Posto militar de Arez' );
insert into Meio
values (59,'Meio 59','Forca aerea de Nisa' );
insert into Meio
values (60,'Meio 60','Hospital de Mora' );
insert into Meio
values (61,'Meio 61','Policia de Portalegre' );
insert into Meio
values (62,'Meio 62','Bombeiros de Aveiro' );
insert into Meio
values (63,'Meio 63','Posto militar de Guarda' );
insert into Meio
values (64,'Meio 64','Forca aerea de Almourol' );
insert into Meio
values (65,'Meio 65','Hospital de Abrantes' );
insert into Meio
values (66,'Meio 66','Policia de Vila Real' );
insert into Meio
values (67,'Meio 67','Bombeiros de Entroncamento' );
insert into Meio
values (68,'Meio 68','Posto militar de Santarem' );
insert into Meio
values (69,'Meio 69','Forca aerea de Caldas da Rainha' );
insert into Meio
values (70,'Meio 70','Hospital de Torres Vedras' );
insert into Meio
values (71,'Meio 71','Policia de Torres Novas' );
insert into Meio
values (72,'Meio 72','Bombeiros de Castelo Branco' );
insert into Meio
values (73,'Meio 73','Posto militar de Lisboa' );
insert into Meio
values (74,'Meio 74','Forca aerea de Porto' );
insert into Meio
values (75,'Meio 75','Hospital de Beja' );
insert into Meio
values (76,'Meio 76','Policia de Oeiras' );
insert into Meio
values (77,'Meio 77','Bombeiros de Amares' );
insert into Meio
values (78,'Meio 78','Posto militar de Ponta Delgada' );
insert into Meio
values (79,'Meio 79','Forca aerea de Alcains' );
insert into Meio
values (80,'Meio 80','Hospital de Sarnadas' );
insert into Meio
values (81,'Meio 81','Policia de Rodao' );
insert into Meio
values (82,'Meio 82','Bombeiros de Arez' );
insert into Meio
values (83,'Meio 83','Posto militar de Nisa' );
insert into Meio
values (84,'Meio 84','Forca aerea de Mora' );
insert into Meio
values (85,'Meio 85','Hospital de Portalegre' );
insert into Meio
values (86,'Meio 86','Policia de Aveiro' );
insert into Meio
values (87,'Meio 87','Bombeiros de Guarda' );
insert into Meio
values (88,'Meio 88','Posto militar de Almourol' );
insert into Meio
values (89,'Meio 89','Forca aerea de Abrantes' );
insert into Meio
values (90,'Meio 90','Hospital de Vila Real' );
insert into Meio
values (91,'Meio 91','Policia de Entroncamento' );
insert into Meio
values (92,'Meio 92','Bombeiros de Santarem' );
insert into Meio
values (93,'Meio 93','Posto militar de Caldas da Rainha' );
insert into Meio
values (94,'Meio 94','Forca aerea de Torres Vedras' );
insert into Meio
values (95,'Meio 95','Hospital de Torres Novas' );
insert into Meio
values (96,'Meio 96','Policia de Castelo Branco' );
insert into Meio
values (97,'Meio 97','Bombeiros de Lisboa' );
insert into Meio
values (98,'Meio 98','Posto militar de Porto' );
insert into Meio
values (99,'Meio 99','Forca aerea de Beja' );
insert into Meio
values (100,'Meio 100','Hospital de Castelo Branco' );
insert into Meio
values (101,'Meio 101','Policia de Lisboa' );
insert into Meio
values (102,'Meio 102','Bombeiros de Porto' );
insert into Meio
values (103,'Meio 103','Posto militar de Beja' );
insert into Meio
values (104,'Meio 104','Forca aerea de Oeiras' );
insert into Meio
values (105,'Meio 105','Hospital de Amares' );
insert into Meio
values (106,'Meio 106','Policia de Ponta Delgada' );
insert into Meio
values (107,'Meio 107','Bombeiros de Alcains' );
insert into Meio
values (108,'Meio 108','Posto militar de Sarnadas' );
insert into Meio
values (109,'Meio 109','Forca aerea de Rodao' );
insert into Meio
values (110,'Meio 110','Hospital de Arez' );
insert into Meio
values (111,'Meio 111','Policia de Nisa' );
insert into Meio
values (112,'Meio 112','Bombeiros de Mora' );
insert into Meio
values (113,'Meio 113','Posto militar de Portalegre' );
insert into Meio
values (114,'Meio 114','Forca aerea de Aveiro' );
insert into Meio
values (115,'Meio 115','Hospital de Guarda' );
insert into Meio
values (116,'Meio 116','Policia de Almourol' );
insert into Meio
values (117,'Meio 117','Bombeiros de Abrantes' );
insert into Meio
values (118,'Meio 118','Posto militar de Vila Real' );
insert into Meio
values (119,'Meio 119','Forca aerea de Entroncamento' );
insert into Meio
values (120,'Meio 120','Hospital de Santarem' );
insert into Meio
values (121,'Meio 121','Policia de Caldas da Rainha' );
insert into Meio
values (122,'Meio 122','Bombeiros de Torres Vedras' );
insert into Meio
values (123,'Meio 123','Posto militar de Torres Novas' );
insert into Meio
values (124,'Meio 124','Forca aerea de Castelo Branco' );
insert into Meio
values (125,'Meio 125','Hospital de Lisboa' );
insert into Meio
values (126,'Meio 126','Policia de Porto' );
insert into Meio
values (127,'Meio 127','Bombeiros de Beja' );
insert into Meio
values (128,'Meio 128','Posto militar de Oeiras' );
insert into Meio
values (129,'Meio 129','Forca aerea de Amares' );
insert into Meio
values (130,'Meio 130','Hospital de Ponta Delgada' );
insert into Meio
values (131,'Meio 131','Policia de Alcains' );
insert into Meio
values (132,'Meio 132','Bombeiros de Sarnadas' );
insert into Meio
values (133,'Meio 133','Posto militar de Rodao' );
insert into Meio
values (134,'Meio 134','Forca aerea de Arez' );
insert into Meio
values (135,'Meio 135','Hospital de Nisa' );
insert into Meio
values (136,'Meio 136','Policia de Mora' );
insert into Meio
values (137,'Meio 137','Bombeiros de Portalegre' );
insert into Meio
values (138,'Meio 138','Posto militar de Aveiro' );
insert into Meio
values (139,'Meio 139','Forca aerea de Guarda' );
insert into Meio
values (140,'Meio 140','Hospital de Almourol' );
insert into Meio
values (141,'Meio 141','Policia de Abrantes' );
insert into Meio
values (142,'Meio 142','Bombeiros de Vila Real' );
insert into Meio
values (143,'Meio 143','Posto militar de Entroncamento' );
insert into Meio
values (144,'Meio 144','Forca aerea de Santarem' );
insert into Meio
values (145,'Meio 145','Hospital de Caldas da Rainha' );
insert into Meio
values (146,'Meio 146','Policia de Torres Vedras' );
insert into Meio
values (147,'Meio 147','Bombeiros de Torres Novas' );
insert into Meio
values (148,'Meio 148','Posto militar de Castelo Branco' );
insert into Meio
values (149,'Meio 149','Forca aerea de Lisboa' );
insert into Meio
values (150,'Meio 150','Hospital de Porto' );
insert into MeioCombate
values ( 1 ,  'Policia de Lisboa' );
insert into MeioCombate
values ( 2 ,  'Bombeiros de Porto' );
insert into MeioCombate
values ( 3 ,  'Posto militar de Beja' );
insert into MeioCombate
values ( 4 ,  'Forca aerea de Oeiras' );
insert into MeioCombate
values ( 5 ,  'Hospital de Amares' );
insert into MeioCombate
values ( 6 ,  'Policia de Ponta Delgada' );
insert into MeioCombate
values ( 7 ,  'Bombeiros de Alcains' );
insert into MeioCombate
values ( 8 ,  'Posto militar de Sarnadas' );
insert into MeioCombate
values ( 9 ,  'Forca aerea de Rodao' );
insert into MeioCombate
values ( 10 ,  'Hospital de Arez' );
insert into MeioCombate
values ( 11 ,  'Policia de Nisa' );
insert into MeioCombate
values ( 12 ,  'Bombeiros de Mora' );
insert into MeioCombate
values ( 13 ,  'Posto militar de Portalegre' );
insert into MeioCombate
values ( 14 ,  'Forca aerea de Aveiro' );
insert into MeioCombate
values ( 15 ,  'Hospital de Guarda' );
insert into MeioCombate
values ( 16 ,  'Policia de Almourol' );
insert into MeioCombate
values ( 17 ,  'Bombeiros de Abrantes' );
insert into MeioCombate
values ( 18 ,  'Posto militar de Vila Real' );
insert into MeioCombate
values ( 19 ,  'Forca aerea de Entroncamento' );
insert into MeioCombate
values ( 20 ,  'Hospital de Santarem' );
insert into MeioCombate
values ( 21 ,  'Policia de Caldas da Rainha' );
insert into MeioCombate
values ( 22 ,  'Bombeiros de Torres Vedras' );
insert into MeioCombate
values ( 23 ,  'Posto militar de Torres Novas' );
insert into MeioCombate
values ( 24 ,  'Forca aerea de Castelo Branco' );
insert into MeioCombate
values ( 25 ,  'Hospital de Lisboa' );
insert into MeioCombate
values ( 26 ,  'Policia de Porto' );
insert into MeioCombate
values ( 27 ,  'Bombeiros de Beja' );
insert into MeioCombate
values ( 28 ,  'Posto militar de Oeiras' );
insert into MeioCombate
values ( 29 ,  'Forca aerea de Amares' );
insert into MeioCombate
values ( 30 ,  'Hospital de Ponta Delgada' );
insert into MeioCombate
values ( 31 ,  'Policia de Alcains' );
insert into MeioCombate
values ( 32 ,  'Bombeiros de Sarnadas' );
insert into MeioCombate
values ( 33 ,  'Posto militar de Rodao' );
insert into MeioCombate
values ( 34 ,  'Forca aerea de Arez' );
insert into MeioCombate
values ( 35 ,  'Hospital de Nisa' );
insert into MeioCombate
values ( 36 ,  'Policia de Mora' );
insert into MeioCombate
values ( 37 ,  'Bombeiros de Portalegre' );
insert into MeioCombate
values ( 38 ,  'Posto militar de Aveiro' );
insert into MeioCombate
values ( 39 ,  'Forca aerea de Guarda' );
insert into MeioCombate
values ( 40 ,  'Hospital de Almourol' );
insert into MeioCombate
values ( 41 ,  'Policia de Abrantes' );
insert into MeioCombate
values ( 42 ,  'Bombeiros de Vila Real' );
insert into MeioCombate
values ( 43 ,  'Posto militar de Entroncamento' );
insert into MeioCombate
values ( 44 ,  'Forca aerea de Santarem' );
insert into MeioCombate
values ( 45 ,  'Hospital de Caldas da Rainha' );
insert into MeioCombate
values ( 46 ,  'Policia de Torres Vedras' );
insert into MeioCombate
values ( 47 ,  'Bombeiros de Torres Novas' );
insert into MeioCombate
values ( 48 ,  'Posto militar de Castelo Branco' );
insert into MeioCombate
values ( 49 ,  'Forca aerea de Lisboa' );
insert into MeioCombate
values ( 50 ,  'Hospital de Porto' );
insert into MeioCombate
values ( 51 ,  'Policia de Beja' );
insert into MeioCombate
values ( 52 ,  'Bombeiros de Oeiras' );
insert into MeioCombate
values ( 53 ,  'Posto militar de Amares' );
insert into MeioCombate
values ( 54 ,  'Forca aerea de Ponta Delgada' );
insert into MeioCombate
values ( 55 ,  'Hospital de Alcains' );
insert into MeioCombate
values ( 56 ,  'Policia de Sarnadas' );
insert into MeioCombate
values ( 57 ,  'Bombeiros de Rodao' );
insert into MeioCombate
values ( 58 ,  'Posto militar de Arez' );
insert into MeioCombate
values ( 59 ,  'Forca aerea de Nisa' );
insert into MeioCombate
values ( 60 ,  'Hospital de Mora' );
insert into MeioCombate
values ( 61 ,  'Policia de Portalegre' );
insert into MeioCombate
values ( 62 ,  'Bombeiros de Aveiro' );
insert into MeioCombate
values ( 63 ,  'Posto militar de Guarda' );
insert into MeioCombate
values ( 64 ,  'Forca aerea de Almourol' );
insert into MeioCombate
values ( 65 ,  'Hospital de Abrantes' );
insert into MeioCombate
values ( 66 ,  'Policia de Vila Real' );
insert into MeioCombate
values ( 67 ,  'Bombeiros de Entroncamento' );
insert into MeioCombate
values ( 68 ,  'Posto militar de Santarem' );
insert into MeioCombate
values ( 69 ,  'Forca aerea de Caldas da Rainha' );
insert into MeioCombate
values ( 70 ,  'Hospital de Torres Vedras' );
insert into MeioCombate
values ( 71 ,  'Policia de Torres Novas' );
insert into MeioCombate
values ( 72 ,  'Bombeiros de Castelo Branco' );
insert into MeioCombate
values ( 73 ,  'Posto militar de Lisboa' );
insert into MeioCombate
values ( 74 ,  'Forca aerea de Porto' );
insert into MeioCombate
values ( 75 ,  'Hospital de Beja' );
insert into MeioCombate
values ( 76 ,  'Policia de Oeiras' );
insert into MeioCombate
values ( 77 ,  'Bombeiros de Amares' );
insert into MeioCombate
values ( 78 ,  'Posto militar de Ponta Delgada' );
insert into MeioCombate
values ( 79 ,  'Forca aerea de Alcains' );
insert into MeioCombate
values ( 80 ,  'Hospital de Sarnadas' );
insert into MeioCombate
values ( 81 ,  'Policia de Rodao' );
insert into MeioCombate
values ( 82 ,  'Bombeiros de Arez' );
insert into MeioCombate
values ( 83 ,  'Posto militar de Nisa' );
insert into MeioCombate
values ( 84 ,  'Forca aerea de Mora' );
insert into MeioCombate
values ( 85 ,  'Hospital de Portalegre' );
insert into MeioCombate
values ( 86 ,  'Policia de Aveiro' );
insert into MeioCombate
values ( 87 ,  'Bombeiros de Guarda' );
insert into MeioCombate
values ( 88 ,  'Posto militar de Almourol' );
insert into MeioCombate
values ( 89 ,  'Forca aerea de Abrantes' );
insert into MeioCombate
values ( 90 ,  'Hospital de Vila Real' );
insert into MeioCombate
values ( 91 ,  'Policia de Entroncamento' );
insert into MeioCombate
values ( 92 ,  'Bombeiros de Santarem' );
insert into MeioCombate
values ( 93 ,  'Posto militar de Caldas da Rainha' );
insert into MeioCombate
values ( 94 ,  'Forca aerea de Torres Vedras' );
insert into MeioCombate
values ( 95 ,  'Hospital de Torres Novas' );
insert into MeioCombate
values ( 96 ,  'Policia de Castelo Branco' );
insert into MeioCombate
values ( 97 ,  'Bombeiros de Lisboa' );
insert into MeioCombate
values ( 98 ,  'Posto militar de Porto' );
insert into MeioCombate
values ( 99 ,  'Forca aerea de Beja' );
insert into MeioCombate
values ( 100 ,  'Hospital de Castelo Branco' );
insert into MeioApoio
values ( 1 ,  'Policia de Lisboa' );
insert into MeioApoio
values ( 2 ,  'Bombeiros de Porto' );
insert into MeioApoio
values ( 3 ,  'Posto militar de Beja' );
insert into MeioApoio
values ( 4 ,  'Forca aerea de Oeiras' );
insert into MeioApoio
values ( 5 ,  'Hospital de Amares' );
insert into MeioApoio
values ( 6 ,  'Policia de Ponta Delgada' );
insert into MeioApoio
values ( 7 ,  'Bombeiros de Alcains' );
insert into MeioApoio
values ( 8 ,  'Posto militar de Sarnadas' );
insert into MeioApoio
values ( 9 ,  'Forca aerea de Rodao' );
insert into MeioApoio
values ( 10 ,  'Hospital de Arez' );
insert into MeioApoio
values ( 11 ,  'Policia de Nisa' );
insert into MeioApoio
values ( 12 ,  'Bombeiros de Mora' );
insert into MeioApoio
values ( 13 ,  'Posto militar de Portalegre' );
insert into MeioApoio
values ( 14 ,  'Forca aerea de Aveiro' );
insert into MeioApoio
values ( 15 ,  'Hospital de Guarda' );
insert into MeioApoio
values ( 16 ,  'Policia de Almourol' );
insert into MeioApoio
values ( 17 ,  'Bombeiros de Abrantes' );
insert into MeioApoio
values ( 18 ,  'Posto militar de Vila Real' );
insert into MeioApoio
values ( 19 ,  'Forca aerea de Entroncamento' );
insert into MeioApoio
values ( 20 ,  'Hospital de Santarem' );
insert into MeioApoio
values ( 21 ,  'Policia de Caldas da Rainha' );
insert into MeioApoio
values ( 22 ,  'Bombeiros de Torres Vedras' );
insert into MeioApoio
values ( 23 ,  'Posto militar de Torres Novas' );
insert into MeioApoio
values ( 24 ,  'Forca aerea de Castelo Branco' );
insert into MeioApoio
values ( 25 ,  'Hospital de Lisboa' );
insert into MeioApoio
values ( 26 ,  'Policia de Porto' );
insert into MeioApoio
values ( 27 ,  'Bombeiros de Beja' );
insert into MeioApoio
values ( 28 ,  'Posto militar de Oeiras' );
insert into MeioApoio
values ( 29 ,  'Forca aerea de Amares' );
insert into MeioApoio
values ( 30 ,  'Hospital de Ponta Delgada' );
insert into MeioApoio
values ( 31 ,  'Policia de Alcains' );
insert into MeioApoio
values ( 32 ,  'Bombeiros de Sarnadas' );
insert into MeioApoio
values ( 33 ,  'Posto militar de Rodao' );
insert into MeioApoio
values ( 34 ,  'Forca aerea de Arez' );
insert into MeioApoio
values ( 35 ,  'Hospital de Nisa' );
insert into MeioApoio
values ( 36 ,  'Policia de Mora' );
insert into MeioApoio
values ( 37 ,  'Bombeiros de Portalegre' );
insert into MeioApoio
values ( 38 ,  'Posto militar de Aveiro' );
insert into MeioApoio
values ( 39 ,  'Forca aerea de Guarda' );
insert into MeioApoio
values ( 40 ,  'Hospital de Almourol' );
insert into MeioApoio
values ( 41 ,  'Policia de Abrantes' );
insert into MeioApoio
values ( 42 ,  'Bombeiros de Vila Real' );
insert into MeioApoio
values ( 43 ,  'Posto militar de Entroncamento' );
insert into MeioApoio
values ( 44 ,  'Forca aerea de Santarem' );
insert into MeioApoio
values ( 45 ,  'Hospital de Caldas da Rainha' );
insert into MeioApoio
values ( 46 ,  'Policia de Torres Vedras' );
insert into MeioApoio
values ( 47 ,  'Bombeiros de Torres Novas' );
insert into MeioApoio
values ( 48 ,  'Posto militar de Castelo Branco' );
insert into MeioApoio
values ( 49 ,  'Forca aerea de Lisboa' );
insert into MeioApoio
values ( 50 ,  'Hospital de Porto' );
insert into MeioApoio
values ( 51 ,  'Policia de Beja' );
insert into MeioApoio
values ( 52 ,  'Bombeiros de Oeiras' );
insert into MeioApoio
values ( 53 ,  'Posto militar de Amares' );
insert into MeioApoio
values ( 54 ,  'Forca aerea de Ponta Delgada' );
insert into MeioApoio
values ( 55 ,  'Hospital de Alcains' );
insert into MeioApoio
values ( 56 ,  'Policia de Sarnadas' );
insert into MeioApoio
values ( 57 ,  'Bombeiros de Rodao' );
insert into MeioApoio
values ( 58 ,  'Posto militar de Arez' );
insert into MeioApoio
values ( 59 ,  'Forca aerea de Nisa' );
insert into MeioApoio
values ( 60 ,  'Hospital de Mora' );
insert into MeioApoio
values ( 61 ,  'Policia de Portalegre' );
insert into MeioApoio
values ( 62 ,  'Bombeiros de Aveiro' );
insert into MeioApoio
values ( 63 ,  'Posto militar de Guarda' );
insert into MeioApoio
values ( 64 ,  'Forca aerea de Almourol' );
insert into MeioApoio
values ( 65 ,  'Hospital de Abrantes' );
insert into MeioApoio
values ( 66 ,  'Policia de Vila Real' );
insert into MeioApoio
values ( 67 ,  'Bombeiros de Entroncamento' );
insert into MeioApoio
values ( 68 ,  'Posto militar de Santarem' );
insert into MeioApoio
values ( 69 ,  'Forca aerea de Caldas da Rainha' );
insert into MeioApoio
values ( 70 ,  'Hospital de Torres Vedras' );
insert into MeioApoio
values ( 71 ,  'Policia de Torres Novas' );
insert into MeioApoio
values ( 72 ,  'Bombeiros de Castelo Branco' );
insert into MeioApoio
values ( 73 ,  'Posto militar de Lisboa' );
insert into MeioApoio
values ( 74 ,  'Forca aerea de Porto' );
insert into MeioApoio
values ( 75 ,  'Hospital de Beja' );
insert into MeioApoio
values ( 76 ,  'Policia de Oeiras' );
insert into MeioApoio
values ( 77 ,  'Bombeiros de Amares' );
insert into MeioApoio
values ( 78 ,  'Posto militar de Ponta Delgada' );
insert into MeioApoio
values ( 79 ,  'Forca aerea de Alcains' );
insert into MeioApoio
values ( 80 ,  'Hospital de Sarnadas' );
insert into MeioApoio
values ( 81 ,  'Policia de Rodao' );
insert into MeioApoio
values ( 82 ,  'Bombeiros de Arez' );
insert into MeioApoio
values ( 83 ,  'Posto militar de Nisa' );
insert into MeioApoio
values ( 84 ,  'Forca aerea de Mora' );
insert into MeioApoio
values ( 85 ,  'Hospital de Portalegre' );
insert into MeioApoio
values ( 86 ,  'Policia de Aveiro' );
insert into MeioApoio
values ( 87 ,  'Bombeiros de Guarda' );
insert into MeioApoio
values ( 88 ,  'Posto militar de Almourol' );
insert into MeioApoio
values ( 89 ,  'Forca aerea de Abrantes' );
insert into MeioApoio
values ( 90 ,  'Hospital de Vila Real' );
insert into MeioApoio
values ( 91 ,  'Policia de Entroncamento' );
insert into MeioApoio
values ( 92 ,  'Bombeiros de Santarem' );
insert into MeioApoio
values ( 93 ,  'Posto militar de Caldas da Rainha' );
insert into MeioApoio
values ( 94 ,  'Forca aerea de Torres Vedras' );
insert into MeioApoio
values ( 95 ,  'Hospital de Torres Novas' );
insert into MeioApoio
values ( 96 ,  'Policia de Castelo Branco' );
insert into MeioApoio
values ( 97 ,  'Bombeiros de Lisboa' );
insert into MeioApoio
values ( 98 ,  'Posto militar de Porto' );
insert into MeioApoio
values ( 99 ,  'Forca aerea de Beja' );
insert into MeioApoio
values ( 100 ,  'Hospital de Castelo Branco' );
insert into MeioSocorro
values ( 1 ,  'Policia de Lisboa' );
insert into MeioSocorro
values ( 2 ,  'Bombeiros de Porto' );
insert into MeioSocorro
values ( 3 ,  'Posto militar de Beja' );
insert into MeioSocorro
values ( 4 ,  'Forca aerea de Oeiras' );
insert into MeioSocorro
values ( 5 ,  'Hospital de Amares' );
insert into MeioSocorro
values ( 6 ,  'Policia de Ponta Delgada' );
insert into MeioSocorro
values ( 7 ,  'Bombeiros de Alcains' );
insert into MeioSocorro
values ( 8 ,  'Posto militar de Sarnadas' );
insert into MeioSocorro
values ( 9 ,  'Forca aerea de Rodao' );
insert into MeioSocorro
values ( 10 ,  'Hospital de Arez' );
insert into MeioSocorro
values ( 11 ,  'Policia de Nisa' );
insert into MeioSocorro
values ( 12 ,  'Bombeiros de Mora' );
insert into MeioSocorro
values ( 13 ,  'Posto militar de Portalegre' );
insert into MeioSocorro
values ( 14 ,  'Forca aerea de Aveiro' );
insert into MeioSocorro
values ( 15 ,  'Hospital de Guarda' );
insert into MeioSocorro
values ( 16 ,  'Policia de Almourol' );
insert into MeioSocorro
values ( 17 ,  'Bombeiros de Abrantes' );
insert into MeioSocorro
values ( 18 ,  'Posto militar de Vila Real' );
insert into MeioSocorro
values ( 19 ,  'Forca aerea de Entroncamento' );
insert into MeioSocorro
values ( 20 ,  'Hospital de Santarem' );
insert into MeioSocorro
values ( 21 ,  'Policia de Caldas da Rainha' );
insert into MeioSocorro
values ( 22 ,  'Bombeiros de Torres Vedras' );
insert into MeioSocorro
values ( 23 ,  'Posto militar de Torres Novas' );
insert into MeioSocorro
values ( 24 ,  'Forca aerea de Castelo Branco' );
insert into MeioSocorro
values ( 25 ,  'Hospital de Lisboa' );
insert into MeioSocorro
values ( 26 ,  'Policia de Porto' );
insert into MeioSocorro
values ( 27 ,  'Bombeiros de Beja' );
insert into MeioSocorro
values ( 28 ,  'Posto militar de Oeiras' );
insert into MeioSocorro
values ( 29 ,  'Forca aerea de Amares' );
insert into MeioSocorro
values ( 30 ,  'Hospital de Ponta Delgada' );
insert into MeioSocorro
values ( 31 ,  'Policia de Alcains' );
insert into MeioSocorro
values ( 32 ,  'Bombeiros de Sarnadas' );
insert into MeioSocorro
values ( 33 ,  'Posto militar de Rodao' );
insert into MeioSocorro
values ( 34 ,  'Forca aerea de Arez' );
insert into MeioSocorro
values ( 35 ,  'Hospital de Nisa' );
insert into MeioSocorro
values ( 36 ,  'Policia de Mora' );
insert into MeioSocorro
values ( 37 ,  'Bombeiros de Portalegre' );
insert into MeioSocorro
values ( 38 ,  'Posto militar de Aveiro' );
insert into MeioSocorro
values ( 39 ,  'Forca aerea de Guarda' );
insert into MeioSocorro
values ( 40 ,  'Hospital de Almourol' );
insert into MeioSocorro
values ( 41 ,  'Policia de Abrantes' );
insert into MeioSocorro
values ( 42 ,  'Bombeiros de Vila Real' );
insert into MeioSocorro
values ( 43 ,  'Posto militar de Entroncamento' );
insert into MeioSocorro
values ( 44 ,  'Forca aerea de Santarem' );
insert into MeioSocorro
values ( 45 ,  'Hospital de Caldas da Rainha' );
insert into MeioSocorro
values ( 46 ,  'Policia de Torres Vedras' );
insert into MeioSocorro
values ( 47 ,  'Bombeiros de Torres Novas' );
insert into MeioSocorro
values ( 48 ,  'Posto militar de Castelo Branco' );
insert into MeioSocorro
values ( 49 ,  'Forca aerea de Lisboa' );
insert into MeioSocorro
values ( 50 ,  'Hospital de Porto' );
insert into MeioSocorro
values ( 51 ,  'Policia de Beja' );
insert into MeioSocorro
values ( 52 ,  'Bombeiros de Oeiras' );
insert into MeioSocorro
values ( 53 ,  'Posto militar de Amares' );
insert into MeioSocorro
values ( 54 ,  'Forca aerea de Ponta Delgada' );
insert into MeioSocorro
values ( 55 ,  'Hospital de Alcains' );
insert into MeioSocorro
values ( 56 ,  'Policia de Sarnadas' );
insert into MeioSocorro
values ( 57 ,  'Bombeiros de Rodao' );
insert into MeioSocorro
values ( 58 ,  'Posto militar de Arez' );
insert into MeioSocorro
values ( 59 ,  'Forca aerea de Nisa' );
insert into MeioSocorro
values ( 60 ,  'Hospital de Mora' );
insert into MeioSocorro
values ( 61 ,  'Policia de Portalegre' );
insert into MeioSocorro
values ( 62 ,  'Bombeiros de Aveiro' );
insert into MeioSocorro
values ( 63 ,  'Posto militar de Guarda' );
insert into MeioSocorro
values ( 64 ,  'Forca aerea de Almourol' );
insert into MeioSocorro
values ( 65 ,  'Hospital de Abrantes' );
insert into MeioSocorro
values ( 66 ,  'Policia de Vila Real' );
insert into MeioSocorro
values ( 67 ,  'Bombeiros de Entroncamento' );
insert into MeioSocorro
values ( 68 ,  'Posto militar de Santarem' );
insert into MeioSocorro
values ( 69 ,  'Forca aerea de Caldas da Rainha' );
insert into MeioSocorro
values ( 70 ,  'Hospital de Torres Vedras' );
insert into MeioSocorro
values ( 71 ,  'Policia de Torres Novas' );
insert into MeioSocorro
values ( 72 ,  'Bombeiros de Castelo Branco' );
insert into MeioSocorro
values ( 73 ,  'Posto militar de Lisboa' );
insert into MeioSocorro
values ( 74 ,  'Forca aerea de Porto' );
insert into MeioSocorro
values ( 75 ,  'Hospital de Beja' );
insert into MeioSocorro
values ( 76 ,  'Policia de Oeiras' );
insert into MeioSocorro
values ( 77 ,  'Bombeiros de Amares' );
insert into MeioSocorro
values ( 78 ,  'Posto militar de Ponta Delgada' );
insert into MeioSocorro
values ( 79 ,  'Forca aerea de Alcains' );
insert into MeioSocorro
values ( 80 ,  'Hospital de Sarnadas' );
insert into MeioSocorro
values ( 81 ,  'Policia de Rodao' );
insert into MeioSocorro
values ( 82 ,  'Bombeiros de Arez' );
insert into MeioSocorro
values ( 83 ,  'Posto militar de Nisa' );
insert into MeioSocorro
values ( 84 ,  'Forca aerea de Mora' );
insert into MeioSocorro
values ( 85 ,  'Hospital de Portalegre' );
insert into MeioSocorro
values ( 86 ,  'Policia de Aveiro' );
insert into MeioSocorro
values ( 87 ,  'Bombeiros de Guarda' );
insert into MeioSocorro
values ( 88 ,  'Posto militar de Almourol' );
insert into MeioSocorro
values ( 89 ,  'Forca aerea de Abrantes' );
insert into MeioSocorro
values ( 90 ,  'Hospital de Vila Real' );
insert into MeioSocorro
values ( 91 ,  'Policia de Entroncamento' );
insert into MeioSocorro
values ( 92 ,  'Bombeiros de Santarem' );
insert into MeioSocorro
values ( 93 ,  'Posto militar de Caldas da Rainha' );
insert into MeioSocorro
values ( 94 ,  'Forca aerea de Torres Vedras' );
insert into MeioSocorro
values ( 95 ,  'Hospital de Torres Novas' );
insert into MeioSocorro
values ( 96 ,  'Policia de Castelo Branco' );
insert into MeioSocorro
values ( 97 ,  'Bombeiros de Lisboa' );
insert into MeioSocorro
values ( 98 ,  'Posto militar de Porto' );
insert into MeioSocorro
values ( 99 ,  'Forca aerea de Beja' );
insert into MeioSocorro
values ( 100 ,  'Hospital de Castelo Branco' );
insert into Transporta
values (1,'Policia de Lisboa',31,1);
insert into Transporta
values (2,'Bombeiros de Porto',32,2);
insert into Transporta
values (3,'Posto militar de Beja',33,3);
insert into Transporta
values (4,'Forca aerea de Oeiras',34,4);
insert into Transporta
values (5,'Hospital de Amares',35,5);
insert into Transporta
values (6,'Policia de Ponta Delgada',36,6);
insert into Transporta
values (7,'Bombeiros de Alcains',37,7);
insert into Transporta
values (8,'Posto militar de Sarnadas',38,8);
insert into Transporta
values (9,'Forca aerea de Rodao',39,9);
insert into Transporta
values (10,'Hospital de Arez',40,10);
insert into Transporta
values (11,'Policia de Nisa',41,11);
insert into Transporta
values (12,'Bombeiros de Mora',42,12);
insert into Transporta
values (13,'Posto militar de Portalegre',43,13);
insert into Transporta
values (14,'Forca aerea de Aveiro',44,14);
insert into Transporta
values (15,'Hospital de Guarda',45,15);
insert into Transporta
values (16,'Policia de Almourol',46,16);
insert into Transporta
values (17,'Bombeiros de Abrantes',47,17);
insert into Transporta
values (18,'Posto militar de Vila Real',48,18);
insert into Transporta
values (19,'Forca aerea de Entroncamento',49,19);
insert into Transporta
values (20,'Hospital de Santarem',50,20);
insert into Transporta
values (21,'Policia de Caldas da Rainha',51,21);
insert into Transporta
values (22,'Bombeiros de Torres Vedras',52,22);
insert into Transporta
values (23,'Posto militar de Torres Novas',53,23);
insert into Transporta
values (24,'Forca aerea de Castelo Branco',54,24);
insert into Transporta
values (25,'Hospital de Lisboa',55,25);
insert into Transporta
values (26,'Policia de Porto',56,26);
insert into Transporta
values (27,'Bombeiros de Beja',57,27);
insert into Transporta
values (28,'Posto militar de Oeiras',58,28);
insert into Transporta
values (29,'Forca aerea de Amares',59,29);
insert into Transporta
values (30,'Hospital de Ponta Delgada',60,30);
insert into Transporta
values (31,'Policia de Alcains',61,31);
insert into Transporta
values (32,'Bombeiros de Sarnadas',62,32);
insert into Transporta
values (33,'Posto militar de Rodao',63,33);
insert into Transporta
values (34,'Forca aerea de Arez',64,34);
insert into Transporta
values (35,'Hospital de Nisa',65,35);
insert into Transporta
values (36,'Policia de Mora',66,36);
insert into Transporta
values (37,'Bombeiros de Portalegre',67,37);
insert into Transporta
values (38,'Posto militar de Aveiro',68,38);
insert into Transporta
values (39,'Forca aerea de Guarda',69,39);
insert into Transporta
values (40,'Hospital de Almourol',70,40);
insert into Transporta
values (41,'Policia de Abrantes',71,41);
insert into Transporta
values (42,'Bombeiros de Vila Real',72,42);
insert into Transporta
values (43,'Posto militar de Entroncamento',73,43);
insert into Transporta
values (44,'Forca aerea de Santarem',74,44);
insert into Transporta
values (45,'Hospital de Caldas da Rainha',75,45);
insert into Transporta
values (46,'Policia de Torres Vedras',76,46);
insert into Transporta
values (47,'Bombeiros de Torres Novas',77,47);
insert into Transporta
values (48,'Posto militar de Castelo Branco',78,48);
insert into Transporta
values (49,'Forca aerea de Lisboa',79,49);
insert into Transporta
values (50,'Hospital de Porto',80,50);
insert into Transporta
values (51,'Policia de Beja',81,51);
insert into Transporta
values (52,'Bombeiros de Oeiras',82,52);
insert into Transporta
values (53,'Posto militar de Amares',83,53);
insert into Transporta
values (54,'Forca aerea de Ponta Delgada',84,54);
insert into Transporta
values (55,'Hospital de Alcains',85,55);
insert into Transporta
values (56,'Policia de Sarnadas',86,56);
insert into Transporta
values (57,'Bombeiros de Rodao',87,57);
insert into Transporta
values (58,'Posto militar de Arez',88,58);
insert into Transporta
values (59,'Forca aerea de Nisa',89,59);
insert into Transporta
values (60,'Hospital de Mora',90,60);
insert into Transporta
values (61,'Policia de Portalegre',91,61);
insert into Transporta
values (62,'Bombeiros de Aveiro',92,62);
insert into Transporta
values (63,'Posto militar de Guarda',93,63);
insert into Transporta
values (64,'Forca aerea de Almourol',94,64);
insert into Transporta
values (65,'Hospital de Abrantes',95,65);
insert into Transporta
values (66,'Policia de Vila Real',96,66);
insert into Transporta
values (67,'Bombeiros de Entroncamento',97,67);
insert into Transporta
values (68,'Posto militar de Santarem',98,68);
insert into Transporta
values (69,'Forca aerea de Caldas da Rainha',99,69);
insert into Transporta
values (70,'Hospital de Torres Vedras',100,70);
insert into Transporta
values (71,'Policia de Torres Novas',101,71);
insert into Transporta
values (72,'Bombeiros de Castelo Branco',102,72);
insert into Transporta
values (73,'Posto militar de Lisboa',103,73);
insert into Transporta
values (74,'Forca aerea de Porto',104,74);
insert into Transporta
values (75,'Hospital de Beja',105,75);
insert into Transporta
values (76,'Policia de Oeiras',106,76);
insert into Transporta
values (77,'Bombeiros de Amares',107,77);
insert into Transporta
values (78,'Posto militar de Ponta Delgada',108,78);
insert into Transporta
values (79,'Forca aerea de Alcains',109,79);
insert into Transporta
values (80,'Hospital de Sarnadas',110,80);
insert into Transporta
values (81,'Policia de Rodao',111,81);
insert into Transporta
values (82,'Bombeiros de Arez',112,82);
insert into Transporta
values (83,'Posto militar de Nisa',113,83);
insert into Transporta
values (84,'Forca aerea de Mora',114,84);
insert into Transporta
values (85,'Hospital de Portalegre',115,85);
insert into Transporta
values (86,'Policia de Aveiro',116,86);
insert into Transporta
values (87,'Bombeiros de Guarda',117,87);
insert into Transporta
values (88,'Posto militar de Almourol',118,88);
insert into Transporta
values (89,'Forca aerea de Abrantes',119,89);
insert into Transporta
values (90,'Hospital de Vila Real',120,90);
insert into Transporta
values (91,'Policia de Entroncamento',121,91);
insert into Transporta
values (92,'Bombeiros de Santarem',122,92);
insert into Transporta
values (93,'Posto militar de Caldas da Rainha',123,93);
insert into Transporta
values (94,'Forca aerea de Torres Vedras',124,94);
insert into Transporta
values (95,'Hospital de Torres Novas',125,95);
insert into Transporta
values (96,'Policia de Castelo Branco',126,96);
insert into Transporta
values (97,'Bombeiros de Lisboa',127,97);
insert into Transporta
values (98,'Posto militar de Porto',128,98);
insert into Transporta
values (99,'Forca aerea de Beja',129,99);
insert into Transporta
values (100,'Hospital de Castelo Branco',130,100);
insert into Acciona
values (1,'Policia de Lisboa',1);
insert into Acciona
values (2,'Bombeiros de Porto',2);
insert into Acciona
values (3,'Posto militar de Beja',3);
insert into Acciona
values (4,'Forca aerea de Oeiras',4);
insert into Acciona
values (5,'Hospital de Amares',5);
insert into Acciona
values (6,'Policia de Ponta Delgada',6);
insert into Acciona
values (7,'Bombeiros de Alcains',7);
insert into Acciona
values (8,'Posto militar de Sarnadas',8);
insert into Acciona
values (9,'Forca aerea de Rodao',9);
insert into Acciona
values (10,'Hospital de Arez',10);
insert into Acciona
values (11,'Policia de Nisa',11);
insert into Acciona
values (12,'Bombeiros de Mora',12);
insert into Acciona
values (13,'Posto militar de Portalegre',13);
insert into Acciona
values (14,'Forca aerea de Aveiro',14);
insert into Acciona
values (15,'Hospital de Guarda',15);
insert into Acciona
values (16,'Policia de Almourol',16);
insert into Acciona
values (17,'Bombeiros de Abrantes',17);
insert into Acciona
values (18,'Posto militar de Vila Real',18);
insert into Acciona
values (19,'Forca aerea de Entroncamento',19);
insert into Acciona
values (20,'Hospital de Santarem',20);
insert into Acciona
values (21,'Policia de Caldas da Rainha',21);
insert into Acciona
values (22,'Bombeiros de Torres Vedras',22);
insert into Acciona
values (23,'Posto militar de Torres Novas',23);
insert into Acciona
values (24,'Forca aerea de Castelo Branco',24);
insert into Acciona
values (25,'Hospital de Lisboa',25);
insert into Acciona
values (26,'Policia de Porto',26);
insert into Acciona
values (27,'Bombeiros de Beja',27);
insert into Acciona
values (28,'Posto militar de Oeiras',28);
insert into Acciona
values (29,'Forca aerea de Amares',29);
insert into Acciona
values (30,'Hospital de Ponta Delgada',30);
insert into Acciona
values (31,'Policia de Alcains',31);
insert into Acciona
values (32,'Bombeiros de Sarnadas',32);
insert into Acciona
values (33,'Posto militar de Rodao',33);
insert into Acciona
values (34,'Forca aerea de Arez',34);
insert into Acciona
values (35,'Hospital de Nisa',35);
insert into Acciona
values (36,'Policia de Mora',36);
insert into Acciona
values (37,'Bombeiros de Portalegre',37);
insert into Acciona
values (38,'Posto militar de Aveiro',38);
insert into Acciona
values (39,'Forca aerea de Guarda',39);
insert into Acciona
values (40,'Hospital de Almourol',40);
insert into Acciona
values (41,'Policia de Abrantes',41);
insert into Acciona
values (42,'Bombeiros de Vila Real',42);
insert into Acciona
values (43,'Posto militar de Entroncamento',43);
insert into Acciona
values (44,'Forca aerea de Santarem',44);
insert into Acciona
values (45,'Hospital de Caldas da Rainha',45);
insert into Acciona
values (46,'Policia de Torres Vedras',46);
insert into Acciona
values (47,'Bombeiros de Torres Novas',47);
insert into Acciona
values (48,'Posto militar de Castelo Branco',48);
insert into Acciona
values (49,'Forca aerea de Lisboa',49);
insert into Acciona
values (50,'Hospital de Porto',50);
insert into Acciona
values (51,'Policia de Beja',51);
insert into Acciona
values (52,'Bombeiros de Oeiras',52);
insert into Acciona
values (53,'Posto militar de Amares',53);
insert into Acciona
values (54,'Forca aerea de Ponta Delgada',54);
insert into Acciona
values (55,'Hospital de Alcains',55);
insert into Acciona
values (56,'Policia de Sarnadas',56);
insert into Acciona
values (57,'Bombeiros de Rodao',57);
insert into Acciona
values (58,'Posto militar de Arez',58);
insert into Acciona
values (59,'Forca aerea de Nisa',59);
insert into Acciona
values (60,'Hospital de Mora',60);
insert into Acciona
values (61,'Policia de Portalegre',61);
insert into Acciona
values (62,'Bombeiros de Aveiro',62);
insert into Acciona
values (63,'Posto militar de Guarda',63);
insert into Acciona
values (64,'Forca aerea de Almourol',64);
insert into Acciona
values (65,'Hospital de Abrantes',65);
insert into Acciona
values (66,'Policia de Vila Real',66);
insert into Acciona
values (67,'Bombeiros de Entroncamento',67);
insert into Acciona
values (68,'Posto militar de Santarem',68);
insert into Acciona
values (69,'Forca aerea de Caldas da Rainha',69);
insert into Acciona
values (70,'Hospital de Torres Vedras',70);
insert into Acciona
values (71,'Policia de Torres Novas',71);
insert into Acciona
values (72,'Bombeiros de Castelo Branco',72);
insert into Acciona
values (73,'Posto militar de Lisboa',73);
insert into Acciona
values (74,'Forca aerea de Porto',74);
insert into Acciona
values (75,'Hospital de Beja',75);
insert into Acciona
values (76,'Policia de Oeiras',76);
insert into Acciona
values (77,'Bombeiros de Amares',77);
insert into Acciona
values (78,'Posto militar de Ponta Delgada',78);
insert into Acciona
values (79,'Forca aerea de Alcains',79);
insert into Acciona
values (80,'Hospital de Sarnadas',80);
insert into Acciona
values (81,'Policia de Rodao',81);
insert into Acciona
values (82,'Bombeiros de Arez',82);
insert into Acciona
values (83,'Posto militar de Nisa',83);
insert into Acciona
values (84,'Forca aerea de Mora',84);
insert into Acciona
values (85,'Hospital de Portalegre',85);
insert into Acciona
values (86,'Policia de Aveiro',86);
insert into Acciona
values (87,'Bombeiros de Guarda',87);
insert into Acciona
values (88,'Posto militar de Almourol',88);
insert into Acciona
values (89,'Forca aerea de Abrantes',89);
insert into Acciona
values (90,'Hospital de Vila Real',90);
insert into Acciona
values (91,'Policia de Entroncamento',91);
insert into Acciona
values (92,'Bombeiros de Santarem',92);
insert into Acciona
values (93,'Posto militar de Caldas da Rainha',93);
insert into Acciona
values (94,'Forca aerea de Torres Vedras',94);
insert into Acciona
values (95,'Hospital de Torres Novas',95);
insert into Acciona
values (96,'Policia de Castelo Branco',96);
insert into Acciona
values (97,'Bombeiros de Lisboa',97);
insert into Acciona
values (98,'Posto militar de Porto',98);
insert into Acciona
values (99,'Forca aerea de Beja',99);
insert into Acciona
values (100,'Hospital de Castelo Branco',100);
insert into Alocado
values (1,'Policia de Lisboa','3H',2);
insert into Alocado
values (2,'Bombeiros de Porto','6H',3);
insert into Alocado
values (3,'Posto militar de Beja','9H',4);
insert into Alocado
values (4,'Forca aerea de Oeiras','12H',5);
insert into Alocado
values (5,'Hospital de Amares','15H',6);
insert into Alocado
values (6,'Policia de Ponta Delgada','18H',7);
insert into Alocado
values (7,'Bombeiros de Alcains','1H',8);
insert into Alocado
values (8,'Posto militar de Sarnadas','4H',9);
insert into Alocado
values (9,'Forca aerea de Rodao','7H',10);
insert into Alocado
values (10,'Hospital de Arez','10H',11);
insert into Alocado
values (11,'Policia de Nisa','13H',12);
insert into Alocado
values (12,'Bombeiros de Mora','16H',13);
insert into Alocado
values (13,'Posto militar de Portalegre','19H',14);
insert into Alocado
values (14,'Forca aerea de Aveiro','2H',15);
insert into Alocado
values (15,'Hospital de Guarda','5H',16);
insert into Alocado
values (16,'Policia de Almourol','8H',17);
insert into Alocado
values (17,'Bombeiros de Abrantes','11H',18);
insert into Alocado
values (18,'Posto militar de Vila Real','14H',19);
insert into Alocado
values (19,'Forca aerea de Entroncamento','17H',20);
insert into Alocado
values (20,'Hospital de Santarem','0H',21);
insert into Alocado
values (21,'Policia de Caldas da Rainha','3H',22);
insert into Alocado
values (22,'Bombeiros de Torres Vedras','6H',23);
insert into Alocado
values (23,'Posto militar de Torres Novas','9H',24);
insert into Alocado
values (24,'Forca aerea de Castelo Branco','12H',25);
insert into Alocado
values (25,'Hospital de Lisboa','15H',26);
insert into Alocado
values (26,'Policia de Porto','18H',27);
insert into Alocado
values (27,'Bombeiros de Beja','1H',28);
insert into Alocado
values (28,'Posto militar de Oeiras','4H',29);
insert into Alocado
values (29,'Forca aerea de Amares','7H',30);
insert into Alocado
values (30,'Hospital de Ponta Delgada','10H',31);
insert into Alocado
values (31,'Policia de Alcains','13H',32);
insert into Alocado
values (32,'Bombeiros de Sarnadas','16H',33);
insert into Alocado
values (33,'Posto militar de Rodao','19H',34);
insert into Alocado
values (34,'Forca aerea de Arez','2H',35);
insert into Alocado
values (35,'Hospital de Nisa','5H',36);
insert into Alocado
values (36,'Policia de Mora','8H',37);
insert into Alocado
values (37,'Bombeiros de Portalegre','11H',38);
insert into Alocado
values (38,'Posto militar de Aveiro','14H',39);
insert into Alocado
values (39,'Forca aerea de Guarda','17H',40);
insert into Alocado
values (40,'Hospital de Almourol','0H',41);
insert into Alocado
values (41,'Policia de Abrantes','3H',42);
insert into Alocado
values (42,'Bombeiros de Vila Real','6H',43);
insert into Alocado
values (43,'Posto militar de Entroncamento','9H',44);
insert into Alocado
values (44,'Forca aerea de Santarem','12H',45);
insert into Alocado
values (45,'Hospital de Caldas da Rainha','15H',46);
insert into Alocado
values (46,'Policia de Torres Vedras','18H',47);
insert into Alocado
values (47,'Bombeiros de Torres Novas','1H',48);
insert into Alocado
values (48,'Posto militar de Castelo Branco','4H',49);
insert into Alocado
values (49,'Forca aerea de Lisboa','7H',50);
insert into Alocado
values (50,'Hospital de Porto','10H',51);
insert into Alocado
values (51,'Policia de Beja','13H',52);
insert into Alocado
values (52,'Bombeiros de Oeiras','16H',53);
insert into Alocado
values (53,'Posto militar de Amares','19H',54);
insert into Alocado
values (54,'Forca aerea de Ponta Delgada','2H',55);
insert into Alocado
values (55,'Hospital de Alcains','5H',56);
insert into Alocado
values (56,'Policia de Sarnadas','8H',57);
insert into Alocado
values (57,'Bombeiros de Rodao','11H',58);
insert into Alocado
values (58,'Posto militar de Arez','14H',59);
insert into Alocado
values (59,'Forca aerea de Nisa','17H',60);
insert into Alocado
values (60,'Hospital de Mora','0H',61);
insert into Alocado
values (61,'Policia de Portalegre','3H',62);
insert into Alocado
values (62,'Bombeiros de Aveiro','6H',63);
insert into Alocado
values (63,'Posto militar de Guarda','9H',64);
insert into Alocado
values (64,'Forca aerea de Almourol','12H',65);
insert into Alocado
values (65,'Hospital de Abrantes','15H',66);
insert into Alocado
values (66,'Policia de Vila Real','18H',67);
insert into Alocado
values (67,'Bombeiros de Entroncamento','1H',68);
insert into Alocado
values (68,'Posto militar de Santarem','4H',69);
insert into Alocado
values (69,'Forca aerea de Caldas da Rainha','7H',70);
insert into Alocado
values (70,'Hospital de Torres Vedras','10H',71);
insert into Alocado
values (71,'Policia de Torres Novas','13H',72);
insert into Alocado
values (72,'Bombeiros de Castelo Branco','16H',73);
insert into Alocado
values (73,'Posto militar de Lisboa','19H',74);
insert into Alocado
values (74,'Forca aerea de Porto','2H',75);
insert into Alocado
values (75,'Hospital de Beja','5H',76);
insert into Alocado
values (76,'Policia de Oeiras','8H',77);
insert into Alocado
values (77,'Bombeiros de Amares','11H',78);
insert into Alocado
values (78,'Posto militar de Ponta Delgada','14H',79);
insert into Alocado
values (79,'Forca aerea de Alcains','17H',80);
insert into Alocado
values (80,'Hospital de Sarnadas','0H',81);
insert into Alocado
values (81,'Policia de Rodao','3H',82);
insert into Alocado
values (82,'Bombeiros de Arez','6H',83);
insert into Alocado
values (83,'Posto militar de Nisa','9H',84);
insert into Alocado
values (84,'Forca aerea de Mora','12H',85);
insert into Alocado
values (85,'Hospital de Portalegre','15H',86);
insert into Alocado
values (86,'Policia de Aveiro','18H',87);
insert into Alocado
values (87,'Bombeiros de Guarda','1H',88);
insert into Alocado
values (88,'Posto militar de Almourol','4H',89);
insert into Alocado
values (89,'Forca aerea de Abrantes','7H',90);
insert into Alocado
values (90,'Hospital de Vila Real','10H',91);
insert into Alocado
values (91,'Policia de Entroncamento','13H',92);
insert into Alocado
values (92,'Bombeiros de Santarem','16H',93);
insert into Alocado
values (93,'Posto militar de Caldas da Rainha','19H',94);
insert into Alocado
values (94,'Forca aerea de Torres Vedras','2H',95);
insert into Alocado
values (95,'Hospital de Torres Novas','5H',96);
insert into Alocado
values (96,'Policia de Castelo Branco','8H',97);
insert into Alocado
values (97,'Bombeiros de Lisboa','11H',98);
insert into Alocado
values (98,'Posto militar de Porto','14H',99);
insert into Alocado
values (99,'Forca aerea de Beja','17H',100);
insert into Alocado
values (100,'Hospital de Castelo Branco','0H',1);
insert into Coordenador
values( 1 );
insert into Coordenador
values( 2 );
insert into Coordenador
values( 3 );
insert into Coordenador
values( 4 );
insert into Coordenador
values( 5 );
insert into Coordenador
values( 6 );
insert into Coordenador
values( 7 );
insert into Coordenador
values( 8 );
insert into Coordenador
values( 9 );
insert into Coordenador
values( 10 );
insert into Coordenador
values( 11 );
insert into Coordenador
values( 12 );
insert into Coordenador
values( 13 );
insert into Coordenador
values( 14 );
insert into Coordenador
values( 15 );
insert into Coordenador
values( 16 );
insert into Coordenador
values( 17 );
insert into Coordenador
values( 18 );
insert into Coordenador
values( 19 );
insert into Coordenador
values( 20 );
insert into Coordenador
values( 21 );
insert into Coordenador
values( 22 );
insert into Coordenador
values( 23 );
insert into Coordenador
values( 24 );
insert into Coordenador
values( 25 );
insert into Coordenador
values( 26 );
insert into Coordenador
values( 27 );
insert into Coordenador
values( 28 );
insert into Coordenador
values( 29 );
insert into Coordenador
values( 30 );
insert into Coordenador
values( 31 );
insert into Coordenador
values( 32 );
insert into Coordenador
values( 33 );
insert into Coordenador
values( 34 );
insert into Coordenador
values( 35 );
insert into Coordenador
values( 36 );
insert into Coordenador
values( 37 );
insert into Coordenador
values( 38 );
insert into Coordenador
values( 39 );
insert into Coordenador
values( 40 );
insert into Coordenador
values( 41 );
insert into Coordenador
values( 42 );
insert into Coordenador
values( 43 );
insert into Coordenador
values( 44 );
insert into Coordenador
values( 45 );
insert into Coordenador
values( 46 );
insert into Coordenador
values( 47 );
insert into Coordenador
values( 48 );
insert into Coordenador
values( 49 );
insert into Coordenador
values( 50 );
insert into Coordenador
values( 51 );
insert into Coordenador
values( 52 );
insert into Coordenador
values( 53 );
insert into Coordenador
values( 54 );
insert into Coordenador
values( 55 );
insert into Coordenador
values( 56 );
insert into Coordenador
values( 57 );
insert into Coordenador
values( 58 );
insert into Coordenador
values( 59 );
insert into Coordenador
values( 60 );
insert into Coordenador
values( 61 );
insert into Coordenador
values( 62 );
insert into Coordenador
values( 63 );
insert into Coordenador
values( 64 );
insert into Coordenador
values( 65 );
insert into Coordenador
values( 66 );
insert into Coordenador
values( 67 );
insert into Coordenador
values( 68 );
insert into Coordenador
values( 69 );
insert into Coordenador
values( 70 );
insert into Coordenador
values( 71 );
insert into Coordenador
values( 72 );
insert into Coordenador
values( 73 );
insert into Coordenador
values( 74 );
insert into Coordenador
values( 75 );
insert into Coordenador
values( 76 );
insert into Coordenador
values( 77 );
insert into Coordenador
values( 78 );
insert into Coordenador
values( 79 );
insert into Coordenador
values( 80 );
insert into Coordenador
values( 81 );
insert into Coordenador
values( 82 );
insert into Coordenador
values( 83 );
insert into Coordenador
values( 84 );
insert into Coordenador
values( 85 );
insert into Coordenador
values( 86 );
insert into Coordenador
values( 87 );
insert into Coordenador
values( 88 );
insert into Coordenador
values( 89 );
insert into Coordenador
values( 90 );
insert into Coordenador
values( 91 );
insert into Coordenador
values( 92 );
insert into Coordenador
values( 93 );
insert into Coordenador
values( 94 );
insert into Coordenador
values( 95 );
insert into Coordenador
values( 96 );
insert into Coordenador
values( 97 );
insert into Coordenador
values( 98 );
insert into Coordenador
values( 99 );
insert into Coordenador
values( 100 );
insert into EventoEmergencia
values('910973456','2018-10-2 10:10:00','Miguel Barros','Rua 0 Castelo Branco',1);
insert into EventoEmergencia
values('910772310','2018-10-3 10:10:00','Miguel Santos','Rua 1 Lisboa',2);
insert into EventoEmergencia
values('910993662','2018-10-4 10:10:00','Miguel Carreira','Rua 2 Porto',3);
insert into EventoEmergencia
values('910142980','2018-10-5 10:10:00','Miguel Branco','Rua 3 Beja',4);
insert into EventoEmergencia
values('910922754','2018-10-6 10:10:00','Miguel Vicente','Rua 4 Oeiras',5);
insert into EventoEmergencia
values('910480792','2018-10-7 10:10:00','Miguel Sa','Rua 5 Amares',6);
insert into EventoEmergencia
values('910881584','2018-10-8 10:10:00','Miguel Nunes','Rua 6 Ponta Delgada',7);
insert into EventoEmergencia
values('910495778','2018-10-9 10:10:00','Miguel Caldeira','Rua 7 Alcains',8);
insert into EventoEmergencia
values('910345012','2018-10-10 10:10:00','Miguel Mauricio','Rua 8 Sarnadas',9);
insert into EventoEmergencia
values('910577194','2018-10-11 10:11:00','Miguel Duarte','Rua 9 Rodao',10);
insert into EventoEmergencia
values('910563388','2018-10-1 10:11:00','Antonio Barros','Rua 10 Arez',11);
insert into EventoEmergencia
values('910218018','2018-10-2 10:11:00','Antonio Santos','Rua 11 Nisa',12);
insert into EventoEmergencia
values('910183374','2018-10-3 10:11:00','Antonio Carreira','Rua 12 Mora',13);
insert into EventoEmergencia
values('910385934','2018-10-4 10:11:00','Antonio Branco','Rua 13 Portalegre',14);
insert into EventoEmergencia
values('910326998','2018-10-5 10:11:00','Antonio Vicente','Rua 14 Aveiro',15);
insert into EventoEmergencia
values('910828414','2018-10-6 10:11:00','Antonio Sa','Rua 15 Guarda',16);
insert into EventoEmergencia
values('910669898','2018-10-7 10:11:00','Antonio Nunes','Rua 16 Almourol',17);
insert into EventoEmergencia
values('910518836','2018-10-8 10:11:00','Antonio Caldeira','Rua 17 Abrantes',18);
insert into EventoEmergencia
values('910820454','2018-10-9 10:11:00','Antonio Mauricio','Rua 18 Vila Real',19);
insert into EventoEmergencia
values('910218346','2018-10-10 10:12:00','Antonio Duarte','Rua 19 Entroncamento',20);
insert into EventoEmergencia
values('910288956','2018-10-11 10:12:00','Carolina Barros','Rua 0 Santarem',21);
insert into EventoEmergencia
values('910813782','2018-10-1 10:12:00','Carolina Santos','Rua 1 Caldas da Rainha',22);
insert into EventoEmergencia
values('910244454','2018-10-2 10:12:00','Carolina Carreira','Rua 2 Torres Vedras',23);
insert into EventoEmergencia
values('910575974','2018-10-3 10:12:00','Carolina Branco','Rua 3 Torres Novas',24);
insert into EventoEmergencia
values('910971222','2018-10-4 10:12:00','Carolina Vicente','Rua 4 Castelo Branco',25);
insert into EventoEmergencia
values('910535530','2018-10-5 10:12:00','Carolina Sa','Rua 5 Lisboa',26);
insert into EventoEmergencia
values('910230848','2018-10-6 10:12:00','Carolina Nunes','Rua 6 Porto',27);
insert into EventoEmergencia
values('910677508','2018-10-7 10:12:00','Carolina Caldeira','Rua 7 Beja',28);
insert into EventoEmergencia
values('910970876','2018-10-8 10:12:00','Carolina Mauricio','Rua 8 Oeiras',29);
insert into EventoEmergencia
values('910675194','2018-10-9 10:13:00','Carolina Duarte','Rua 9 Amares',30);
insert into EventoEmergencia
values('910554544','2018-10-10 10:13:00','Rafael Barros','Rua 10 Ponta Delgada',31);
insert into EventoEmergencia
values('910816998','2018-10-11 10:13:00','Rafael Santos','Rua 11 Alcains',32);
insert into EventoEmergencia
values('910102656','2018-10-1 10:13:00','Rafael Carreira','Rua 12 Sarnadas',33);
insert into EventoEmergencia
values('910843228','2018-10-2 10:13:00','Rafael Branco','Rua 13 Rodao',34);
insert into EventoEmergencia
values('910586554','2018-10-3 10:13:00','Rafael Vicente','Rua 14 Arez',35);
insert into EventoEmergencia
values('910933060','2018-10-4 10:13:00','Rafael Sa','Rua 15 Nisa',36);
insert into EventoEmergencia
values('910360130','2018-10-5 10:13:00','Rafael Nunes','Rua 16 Mora',37);
insert into EventoEmergencia
values('910263684','2018-10-6 10:13:00','Rafael Caldeira','Rua 17 Portalegre',38);
insert into EventoEmergencia
values('910795518','2018-10-7 10:13:00','Rafael Mauricio','Rua 18 Aveiro',39);
insert into EventoEmergencia
values('910649670','2018-10-8 10:14:00','Rafael Duarte','Rua 19 Guarda',40);
insert into EventoEmergencia
values('910273424','2018-10-9 10:14:00','Samuel Barros','Rua 0 Almourol',41);
insert into EventoEmergencia
values('910464060','2018-10-10 10:14:00','Samuel Santos','Rua 1 Abrantes',42);
insert into EventoEmergencia
values('910266404','2018-10-11 10:14:00','Samuel Carreira','Rua 2 Vila Real',43);
insert into EventoEmergencia
values('910172944','2018-10-1 10:14:00','Samuel Branco','Rua 3 Entroncamento',44);
insert into EventoEmergencia
values('910303640','2018-10-2 10:14:00','Samuel Vicente','Rua 4 Santarem',45);
insert into EventoEmergencia
values('910810216','2018-10-3 10:14:00','Samuel Sa','Rua 5 Caldas da Rainha',46);
insert into EventoEmergencia
values('910811874','2018-10-4 10:14:00','Samuel Nunes','Rua 6 Torres Vedras',47);
insert into EventoEmergencia
values('910917344','2018-10-5 10:14:00','Samuel Caldeira','Rua 7 Torres Novas',48);
insert into EventoEmergencia
values('910752140','2018-10-6 10:14:00','Samuel Mauricio','Rua 8 Castelo Branco',49);
insert into EventoEmergencia
values('910410092','2018-10-7 10:15:00','Samuel Duarte','Rua 9 Lisboa',50);
insert into EventoEmergencia
values('910350140','2018-10-8 10:15:00','Diogo Barros','Rua 10 Porto',51);
insert into EventoEmergencia
values('910250618','2018-10-9 10:15:00','Diogo Santos','Rua 11 Beja',52);
insert into EventoEmergencia
values('910581560','2018-10-10 10:15:00','Diogo Carreira','Rua 12 Oeiras',53);
insert into EventoEmergencia
values('910282018','2018-10-11 10:15:00','Diogo Branco','Rua 13 Amares',54);
insert into EventoEmergencia
values('910604070','2018-10-1 10:15:00','Diogo Vicente','Rua 14 Ponta Delgada',55);
insert into EventoEmergencia
values('910787506','2018-10-2 10:15:00','Diogo Sa','Rua 15 Alcains',56);
insert into EventoEmergencia
values('910247150','2018-10-3 10:15:00','Diogo Nunes','Rua 16 Sarnadas',57);
insert into EventoEmergencia
values('910538684','2018-10-4 10:15:00','Diogo Caldeira','Rua 17 Rodao',58);
insert into EventoEmergencia
values('910288240','2018-10-5 10:15:00','Diogo Mauricio','Rua 18 Arez',59);
insert into EventoEmergencia
values('910324286','2018-10-6 10:16:00','Diogo Duarte','Rua 19 Nisa',60);
insert into EventoEmergencia
values('910617874','2018-10-7 10:16:00','Jorge Barros','Rua 0 Mora',61);
insert into EventoEmergencia
values('910679884','2018-10-8 10:16:00','Jorge Santos','Rua 1 Portalegre',62);
insert into EventoEmergencia
values('910877476','2018-10-9 10:16:00','Jorge Carreira','Rua 2 Aveiro',63);
insert into EventoEmergencia
values('910858392','2018-10-10 10:16:00','Jorge Branco','Rua 3 Guarda',64);
insert into EventoEmergencia
values('910121180','2018-10-11 10:16:00','Jorge Vicente','Rua 4 Almourol',65);
insert into EventoEmergencia
values('910386910','2018-10-1 10:16:00','Jorge Sa','Rua 5 Abrantes',66);
insert into EventoEmergencia
values('910159330','2018-10-2 10:16:00','Jorge Nunes','Rua 6 Vila Real',67);
insert into EventoEmergencia
values('910594578','2018-10-3 10:16:00','Jorge Caldeira','Rua 7 Entroncamento',68);
insert into EventoEmergencia
values('910981956','2018-10-4 10:16:00','Jorge Mauricio','Rua 8 Santarem',69);
insert into EventoEmergencia
values('910718126','2018-10-5 10:17:00','Jorge Duarte','Rua 9 Caldas da Rainha',70);
insert into EventoEmergencia
values('910474024','2018-10-6 10:17:00','Joao Barros','Rua 10 Torres Vedras',71);
insert into EventoEmergencia
values('910752704','2018-10-7 10:17:00','Joao Santos','Rua 11 Torres Novas',72);
insert into EventoEmergencia
values('910503028','2018-10-8 10:17:00','Joao Carreira','Rua 12 Castelo Branco',73);
insert into EventoEmergencia
values('910189034','2018-10-9 10:17:00','Joao Branco','Rua 13 Lisboa',74);
insert into EventoEmergencia
values('910649174','2018-10-10 10:17:00','Joao Vicente','Rua 14 Porto',75);
insert into EventoEmergencia
values('910131686','2018-10-11 10:17:00','Joao Sa','Rua 15 Beja',76);
insert into EventoEmergencia
values('910720984','2018-10-1 10:17:00','Joao Nunes','Rua 16 Oeiras',77);
insert into EventoEmergencia
values('910724414','2018-10-2 10:17:00','Joao Caldeira','Rua 17 Amares',78);
insert into EventoEmergencia
values('910493634','2018-10-3 10:17:00','Joao Mauricio','Rua 18 Ponta Delgada',79);
insert into EventoEmergencia
values('910184662','2018-10-4 10:18:00','Joao Duarte','Rua 19 Alcains',80);
insert into EventoEmergencia
values('910127216','2018-10-5 10:18:00','Lucas Barros','Rua 0 Sarnadas',81);
insert into EventoEmergencia
values('910707684','2018-10-6 10:18:00','Lucas Santos','Rua 1 Rodao',82);
insert into EventoEmergencia
values('910493920','2018-10-7 10:18:00','Lucas Carreira','Rua 2 Arez',83);
insert into EventoEmergencia
values('910196752','2018-10-8 10:18:00','Lucas Branco','Rua 3 Nisa',84);
insert into EventoEmergencia
values('910307984','2018-10-9 10:18:00','Lucas Vicente','Rua 4 Mora',85);
insert into EventoEmergencia
values('910957918','2018-10-10 10:18:00','Lucas Sa','Rua 5 Portalegre',86);
insert into EventoEmergencia
values('910273052','2018-10-11 10:18:00','Lucas Nunes','Rua 6 Aveiro',87);
insert into EventoEmergencia
values('910842192','2018-10-1 10:18:00','Lucas Caldeira','Rua 7 Guarda',88);
insert into EventoEmergencia
values('910418212','2018-10-2 10:18:00','Lucas Mauricio','Rua 8 Almourol',89);
insert into EventoEmergencia
values('910147752','2018-10-3 10:19:00','Lucas Duarte','Rua 9 Abrantes',90);
insert into EventoEmergencia
values('910739514','2018-10-4 10:19:00','Stephane Barros','Rua 10 Vila Real',91);
insert into EventoEmergencia
values('910515266','2018-10-5 10:19:00','Stephane Santos','Rua 11 Entroncamento',92);
insert into EventoEmergencia
values('910269396','2018-10-6 10:19:00','Stephane Carreira','Rua 2 Lisboa',93);
insert into EventoEmergencia
values('910802946','2018-10-7 10:19:00','Stephane Branco','Rua 3 Porto',94);
insert into EventoEmergencia
values('910496118','2018-10-8 10:19:00','Stephane Vicente','Rua 4 Beja',95);
insert into EventoEmergencia
values('910840040','2018-10-9 10:19:00','Stephane Sa','Rua 5 Oeiras',96);
insert into EventoEmergencia
values('910932438','2018-10-10 10:19:00','Stephane Nunes','Rua 6 Amares',97);
insert into EventoEmergencia
values('910796302','2018-10-11 10:19:00','Stephane Caldeira','Rua 7 Ponta Delgada',98);
insert into EventoEmergencia
values('910620462','2018-10-1 10:19:00','Stephane Mauricio','Rua 8 Alcains',99);
insert into EventoEmergencia
values('910494758','2018-10-2 10:20:00','Stephane Duarte','Rua 9 Sarnadas',100);
insert into SegmentoVideo
values(1,'10S','2018-8-1 13:10:05',1);
insert into SegmentoVideo
values(2,'20S','2018-8-1 13:10:05',1);
insert into SegmentoVideo
values(3,'30S','2018-8-1 13:10:05',1);
insert into SegmentoVideo
values(4,'40S','2018-8-1 13:10:05',1);
insert into SegmentoVideo
values(5,'50S','2018-8-1 13:10:05',1);
insert into SegmentoVideo
values(1,'20S','2018-8-1 13:10:05',2);
insert into SegmentoVideo
values(2,'40S','2018-8-1 13:10:05',2);
insert into SegmentoVideo
values(3,'60S','2018-8-1 13:10:05',2);
insert into SegmentoVideo
values(4,'80S','2018-8-1 13:10:05',2);
insert into SegmentoVideo
values(5,'100S','2018-8-1 13:10:05',2);
insert into SegmentoVideo
values(1,'30S','2018-8-1 13:10:05',3);
insert into SegmentoVideo
values(2,'60S','2018-8-1 13:10:05',3);
insert into SegmentoVideo
values(3,'90S','2018-8-1 13:10:05',3);
insert into SegmentoVideo
values(4,'120S','2018-8-1 13:10:05',3);
insert into SegmentoVideo
values(5,'150S','2018-8-1 13:10:05',3);
insert into SegmentoVideo
values(1,'40S','2018-8-1 13:10:05',4);
insert into SegmentoVideo
values(2,'80S','2018-8-1 13:10:05',4);
insert into SegmentoVideo
values(3,'120S','2018-8-1 13:10:05',4);
insert into SegmentoVideo
values(4,'160S','2018-8-1 13:10:05',4);
insert into SegmentoVideo
values(5,'200S','2018-8-1 13:10:05',4);
insert into SegmentoVideo
values(1,'50S','2018-8-1 13:10:05',5);
insert into SegmentoVideo
values(2,'100S','2018-8-1 13:10:05',5);
insert into SegmentoVideo
values(3,'150S','2018-8-1 13:10:05',5);
insert into SegmentoVideo
values(4,'200S','2018-8-1 13:10:05',5);
insert into SegmentoVideo
values(5,'250S','2018-8-1 13:10:05',5);
insert into SegmentoVideo
values(1,'60S','2018-8-1 13:10:05',6);
insert into SegmentoVideo
values(2,'120S','2018-8-1 13:10:05',6);
insert into SegmentoVideo
values(3,'180S','2018-8-1 13:10:05',6);
insert into SegmentoVideo
values(4,'240S','2018-8-1 13:10:05',6);
insert into SegmentoVideo
values(5,'300S','2018-8-1 13:10:05',6);
insert into SegmentoVideo
values(1,'70S','2018-8-1 13:10:05',7);
insert into SegmentoVideo
values(2,'140S','2018-8-1 13:10:05',7);
insert into SegmentoVideo
values(3,'210S','2018-8-1 13:10:05',7);
insert into SegmentoVideo
values(4,'280S','2018-8-1 13:10:05',7);
insert into SegmentoVideo
values(5,'350S','2018-8-1 13:10:05',7);
insert into SegmentoVideo
values(1,'80S','2018-8-1 13:10:05',8);
insert into SegmentoVideo
values(2,'160S','2018-8-1 13:10:05',8);
insert into SegmentoVideo
values(3,'240S','2018-8-1 13:10:05',8);
insert into SegmentoVideo
values(4,'320S','2018-8-1 13:10:05',8);
insert into SegmentoVideo
values(5,'400S','2018-8-1 13:10:05',8);
insert into SegmentoVideo
values(1,'90S','2018-8-1 13:10:05',9);
insert into SegmentoVideo
values(2,'180S','2018-8-1 13:10:05',9);
insert into SegmentoVideo
values(3,'270S','2018-8-1 13:10:05',9);
insert into SegmentoVideo
values(4,'360S','2018-8-1 13:10:05',9);
insert into SegmentoVideo
values(5,'450S','2018-8-1 13:10:05',9);
insert into SegmentoVideo
values(1,'100S','2018-8-1 13:10:05',10);
insert into SegmentoVideo
values(2,'200S','2018-8-1 13:10:05',10);
insert into SegmentoVideo
values(3,'300S','2018-8-1 13:10:05',10);
insert into SegmentoVideo
values(4,'400S','2018-8-1 13:10:05',10);
insert into SegmentoVideo
values(5,'500S','2018-8-1 13:10:05',10);
insert into SegmentoVideo
values(1,'110S','2018-8-1 13:10:05',11);
insert into SegmentoVideo
values(2,'220S','2018-8-1 13:10:05',11);
insert into SegmentoVideo
values(3,'330S','2018-8-1 13:10:05',11);
insert into SegmentoVideo
values(4,'440S','2018-8-1 13:10:05',11);
insert into SegmentoVideo
values(5,'550S','2018-8-1 13:10:05',11);
insert into SegmentoVideo
values(1,'120S','2018-8-1 13:10:05',12);
insert into SegmentoVideo
values(2,'240S','2018-8-1 13:10:05',12);
insert into SegmentoVideo
values(3,'360S','2018-8-1 13:10:05',12);
insert into SegmentoVideo
values(4,'480S','2018-8-1 13:10:05',12);
insert into SegmentoVideo
values(5,'600S','2018-8-1 13:10:05',12);
insert into SegmentoVideo
values(1,'130S','2018-8-1 13:10:05',13);
insert into SegmentoVideo
values(2,'260S','2018-8-1 13:10:05',13);
insert into SegmentoVideo
values(3,'390S','2018-8-1 13:10:05',13);
insert into SegmentoVideo
values(4,'520S','2018-8-1 13:10:05',13);
insert into SegmentoVideo
values(5,'650S','2018-8-1 13:10:05',13);
insert into SegmentoVideo
values(1,'140S','2018-8-1 13:10:05',14);
insert into SegmentoVideo
values(2,'280S','2018-8-1 13:10:05',14);
insert into SegmentoVideo
values(3,'420S','2018-8-1 13:10:05',14);
insert into SegmentoVideo
values(4,'560S','2018-8-1 13:10:05',14);
insert into SegmentoVideo
values(5,'700S','2018-8-1 13:10:05',14);
insert into SegmentoVideo
values(1,'150S','2018-8-1 13:10:05',15);
insert into SegmentoVideo
values(2,'300S','2018-8-1 13:10:05',15);
insert into SegmentoVideo
values(3,'450S','2018-8-1 13:10:05',15);
insert into SegmentoVideo
values(4,'600S','2018-8-1 13:10:05',15);
insert into SegmentoVideo
values(5,'750S','2018-8-1 13:10:05',15);
insert into SegmentoVideo
values(1,'160S','2018-8-1 13:10:05',16);
insert into SegmentoVideo
values(2,'320S','2018-8-1 13:10:05',16);
insert into SegmentoVideo
values(3,'480S','2018-8-1 13:10:05',16);
insert into SegmentoVideo
values(4,'640S','2018-8-1 13:10:05',16);
insert into SegmentoVideo
values(5,'800S','2018-8-1 13:10:05',16);
insert into SegmentoVideo
values(1,'170S','2018-8-1 13:10:05',17);
insert into SegmentoVideo
values(2,'340S','2018-8-1 13:10:05',17);
insert into SegmentoVideo
values(3,'510S','2018-8-1 13:10:05',17);
insert into SegmentoVideo
values(4,'680S','2018-8-1 13:10:05',17);
insert into SegmentoVideo
values(5,'850S','2018-8-1 13:10:05',17);
insert into SegmentoVideo
values(1,'180S','2018-8-1 13:10:05',18);
insert into SegmentoVideo
values(2,'360S','2018-8-1 13:10:05',18);
insert into SegmentoVideo
values(3,'540S','2018-8-1 13:10:05',18);
insert into SegmentoVideo
values(4,'720S','2018-8-1 13:10:05',18);
insert into SegmentoVideo
values(5,'900S','2018-8-1 13:10:05',18);
insert into SegmentoVideo
values(1,'190S','2018-8-1 13:10:05',19);
insert into SegmentoVideo
values(2,'380S','2018-8-1 13:10:05',19);
insert into SegmentoVideo
values(3,'570S','2018-8-1 13:10:05',19);
insert into SegmentoVideo
values(4,'760S','2018-8-1 13:10:05',19);
insert into SegmentoVideo
values(5,'950S','2018-8-1 13:10:05',19);
insert into SegmentoVideo
values(1,'200S','2018-8-1 13:10:05',20);
insert into SegmentoVideo
values(2,'400S','2018-8-1 13:10:05',20);
insert into SegmentoVideo
values(3,'600S','2018-8-1 13:10:05',20);
insert into SegmentoVideo
values(4,'800S','2018-8-1 13:10:05',20);
insert into SegmentoVideo
values(5,'1000S','2018-8-1 13:10:05',20);
insert into SegmentoVideo
values(1,'210S','2018-8-1 13:10:05',21);
insert into SegmentoVideo
values(2,'420S','2018-8-1 13:10:05',21);
insert into SegmentoVideo
values(3,'630S','2018-8-1 13:10:05',21);
insert into SegmentoVideo
values(4,'840S','2018-8-1 13:10:05',21);
insert into SegmentoVideo
values(5,'1050S','2018-8-1 13:10:05',21);
insert into SegmentoVideo
values(1,'220S','2018-8-1 13:10:05',22);
insert into SegmentoVideo
values(2,'440S','2018-8-1 13:10:05',22);
insert into SegmentoVideo
values(3,'660S','2018-8-1 13:10:05',22);
insert into SegmentoVideo
values(4,'880S','2018-8-1 13:10:05',22);
insert into SegmentoVideo
values(5,'1100S','2018-8-1 13:10:05',22);
insert into SegmentoVideo
values(1,'230S','2018-8-1 13:10:05',23);
insert into SegmentoVideo
values(2,'460S','2018-8-1 13:10:05',23);
insert into SegmentoVideo
values(3,'690S','2018-8-1 13:10:05',23);
insert into SegmentoVideo
values(4,'920S','2018-8-1 13:10:05',23);
insert into SegmentoVideo
values(5,'1150S','2018-8-1 13:10:05',23);
insert into SegmentoVideo
values(1,'240S','2018-8-1 13:10:05',24);
insert into SegmentoVideo
values(2,'480S','2018-8-1 13:10:05',24);
insert into SegmentoVideo
values(3,'720S','2018-8-1 13:10:05',24);
insert into SegmentoVideo
values(4,'960S','2018-8-1 13:10:05',24);
insert into SegmentoVideo
values(5,'1200S','2018-8-1 13:10:05',24);
insert into SegmentoVideo
values(1,'250S','2018-8-1 13:10:05',25);
insert into SegmentoVideo
values(2,'500S','2018-8-1 13:10:05',25);
insert into SegmentoVideo
values(3,'750S','2018-8-1 13:10:05',25);
insert into SegmentoVideo
values(4,'1000S','2018-8-1 13:10:05',25);
insert into SegmentoVideo
values(5,'1250S','2018-8-1 13:10:05',25);
insert into SegmentoVideo
values(1,'260S','2018-8-1 13:10:05',26);
insert into SegmentoVideo
values(2,'520S','2018-8-1 13:10:05',26);
insert into SegmentoVideo
values(3,'780S','2018-8-1 13:10:05',26);
insert into SegmentoVideo
values(4,'1040S','2018-8-1 13:10:05',26);
insert into SegmentoVideo
values(5,'1300S','2018-8-1 13:10:05',26);
insert into SegmentoVideo
values(1,'270S','2018-8-1 13:10:05',27);
insert into SegmentoVideo
values(2,'540S','2018-8-1 13:10:05',27);
insert into SegmentoVideo
values(3,'810S','2018-8-1 13:10:05',27);
insert into SegmentoVideo
values(4,'1080S','2018-8-1 13:10:05',27);
insert into SegmentoVideo
values(5,'1350S','2018-8-1 13:10:05',27);
insert into SegmentoVideo
values(1,'280S','2018-8-1 13:10:05',28);
insert into SegmentoVideo
values(2,'560S','2018-8-1 13:10:05',28);
insert into SegmentoVideo
values(3,'840S','2018-8-1 13:10:05',28);
insert into SegmentoVideo
values(4,'1120S','2018-8-1 13:10:05',28);
insert into SegmentoVideo
values(5,'1400S','2018-8-1 13:10:05',28);
insert into SegmentoVideo
values(1,'290S','2018-8-1 13:10:05',29);
insert into SegmentoVideo
values(2,'580S','2018-8-1 13:10:05',29);
insert into SegmentoVideo
values(3,'870S','2018-8-1 13:10:05',29);
insert into SegmentoVideo
values(4,'1160S','2018-8-1 13:10:05',29);
insert into SegmentoVideo
values(5,'1450S','2018-8-1 13:10:05',29);
insert into SegmentoVideo
values(1,'300S','2018-8-1 13:10:05',30);
insert into SegmentoVideo
values(2,'600S','2018-8-1 13:10:05',30);
insert into SegmentoVideo
values(3,'900S','2018-8-1 13:10:05',30);
insert into SegmentoVideo
values(4,'1200S','2018-8-1 13:10:05',30);
insert into SegmentoVideo
values(5,'1500S','2018-8-1 13:10:05',30);
insert into SegmentoVideo
values(1,'310S','2018-8-1 13:10:05',31);
insert into SegmentoVideo
values(2,'620S','2018-8-1 13:10:05',31);
insert into SegmentoVideo
values(3,'930S','2018-8-1 13:10:05',31);
insert into SegmentoVideo
values(4,'1240S','2018-8-1 13:10:05',31);
insert into SegmentoVideo
values(5,'1550S','2018-8-1 13:10:05',31);
insert into SegmentoVideo
values(1,'320S','2018-8-1 13:10:05',32);
insert into SegmentoVideo
values(2,'640S','2018-8-1 13:10:05',32);
insert into SegmentoVideo
values(3,'960S','2018-8-1 13:10:05',32);
insert into SegmentoVideo
values(4,'1280S','2018-8-1 13:10:05',32);
insert into SegmentoVideo
values(5,'1600S','2018-8-1 13:10:05',32);
insert into SegmentoVideo
values(1,'330S','2018-8-1 13:10:05',33);
insert into SegmentoVideo
values(2,'660S','2018-8-1 13:10:05',33);
insert into SegmentoVideo
values(3,'990S','2018-8-1 13:10:05',33);
insert into SegmentoVideo
values(4,'1320S','2018-8-1 13:10:05',33);
insert into SegmentoVideo
values(5,'1650S','2018-8-1 13:10:05',33);
insert into SegmentoVideo
values(1,'340S','2018-8-1 13:10:05',34);
insert into SegmentoVideo
values(2,'680S','2018-8-1 13:10:05',34);
insert into SegmentoVideo
values(3,'1020S','2018-8-1 13:10:05',34);
insert into SegmentoVideo
values(4,'1360S','2018-8-1 13:10:05',34);
insert into SegmentoVideo
values(5,'1700S','2018-8-1 13:10:05',34);
insert into SegmentoVideo
values(1,'350S','2018-8-1 13:10:05',35);
insert into SegmentoVideo
values(2,'700S','2018-8-1 13:10:05',35);
insert into SegmentoVideo
values(3,'1050S','2018-8-1 13:10:05',35);
insert into SegmentoVideo
values(4,'1400S','2018-8-1 13:10:05',35);
insert into SegmentoVideo
values(5,'1750S','2018-8-1 13:10:05',35);
insert into SegmentoVideo
values(1,'360S','2018-8-1 13:10:05',36);
insert into SegmentoVideo
values(2,'720S','2018-8-1 13:10:05',36);
insert into SegmentoVideo
values(3,'1080S','2018-8-1 13:10:05',36);
insert into SegmentoVideo
values(4,'1440S','2018-8-1 13:10:05',36);
insert into SegmentoVideo
values(5,'1800S','2018-8-1 13:10:05',36);
insert into SegmentoVideo
values(1,'370S','2018-8-1 13:10:05',37);
insert into SegmentoVideo
values(2,'740S','2018-8-1 13:10:05',37);
insert into SegmentoVideo
values(3,'1110S','2018-8-1 13:10:05',37);
insert into SegmentoVideo
values(4,'1480S','2018-8-1 13:10:05',37);
insert into SegmentoVideo
values(5,'1850S','2018-8-1 13:10:05',37);
insert into SegmentoVideo
values(1,'380S','2018-8-1 13:10:05',38);
insert into SegmentoVideo
values(2,'760S','2018-8-1 13:10:05',38);
insert into SegmentoVideo
values(3,'1140S','2018-8-1 13:10:05',38);
insert into SegmentoVideo
values(4,'1520S','2018-8-1 13:10:05',38);
insert into SegmentoVideo
values(5,'1900S','2018-8-1 13:10:05',38);
insert into SegmentoVideo
values(1,'390S','2018-8-1 13:10:05',39);
insert into SegmentoVideo
values(2,'780S','2018-8-1 13:10:05',39);
insert into SegmentoVideo
values(3,'1170S','2018-8-1 13:10:05',39);
insert into SegmentoVideo
values(4,'1560S','2018-8-1 13:10:05',39);
insert into SegmentoVideo
values(5,'1950S','2018-8-1 13:10:05',39);
insert into SegmentoVideo
values(1,'400S','2018-8-1 13:10:05',40);
insert into SegmentoVideo
values(2,'800S','2018-8-1 13:10:05',40);
insert into SegmentoVideo
values(3,'1200S','2018-8-1 13:10:05',40);
insert into SegmentoVideo
values(4,'1600S','2018-8-1 13:10:05',40);
insert into SegmentoVideo
values(5,'2000S','2018-8-1 13:10:05',40);
insert into SegmentoVideo
values(1,'410S','2018-8-1 13:10:05',41);
insert into SegmentoVideo
values(2,'820S','2018-8-1 13:10:05',41);
insert into SegmentoVideo
values(3,'1230S','2018-8-1 13:10:05',41);
insert into SegmentoVideo
values(4,'1640S','2018-8-1 13:10:05',41);
insert into SegmentoVideo
values(5,'2050S','2018-8-1 13:10:05',41);
insert into SegmentoVideo
values(1,'420S','2018-8-1 13:10:05',42);
insert into SegmentoVideo
values(2,'840S','2018-8-1 13:10:05',42);
insert into SegmentoVideo
values(3,'1260S','2018-8-1 13:10:05',42);
insert into SegmentoVideo
values(4,'1680S','2018-8-1 13:10:05',42);
insert into SegmentoVideo
values(5,'2100S','2018-8-1 13:10:05',42);
insert into SegmentoVideo
values(1,'430S','2018-8-1 13:10:05',43);
insert into SegmentoVideo
values(2,'860S','2018-8-1 13:10:05',43);
insert into SegmentoVideo
values(3,'1290S','2018-8-1 13:10:05',43);
insert into SegmentoVideo
values(4,'1720S','2018-8-1 13:10:05',43);
insert into SegmentoVideo
values(5,'2150S','2018-8-1 13:10:05',43);
insert into SegmentoVideo
values(1,'440S','2018-8-1 13:10:05',44);
insert into SegmentoVideo
values(2,'880S','2018-8-1 13:10:05',44);
insert into SegmentoVideo
values(3,'1320S','2018-8-1 13:10:05',44);
insert into SegmentoVideo
values(4,'1760S','2018-8-1 13:10:05',44);
insert into SegmentoVideo
values(5,'2200S','2018-8-1 13:10:05',44);
insert into SegmentoVideo
values(1,'450S','2018-8-1 13:10:05',45);
insert into SegmentoVideo
values(2,'900S','2018-8-1 13:10:05',45);
insert into SegmentoVideo
values(3,'1350S','2018-8-1 13:10:05',45);
insert into SegmentoVideo
values(4,'1800S','2018-8-1 13:10:05',45);
insert into SegmentoVideo
values(5,'2250S','2018-8-1 13:10:05',45);
insert into SegmentoVideo
values(1,'460S','2018-8-1 13:10:05',46);
insert into SegmentoVideo
values(2,'920S','2018-8-1 13:10:05',46);
insert into SegmentoVideo
values(3,'1380S','2018-8-1 13:10:05',46);
insert into SegmentoVideo
values(4,'1840S','2018-8-1 13:10:05',46);
insert into SegmentoVideo
values(5,'2300S','2018-8-1 13:10:05',46);
insert into SegmentoVideo
values(1,'470S','2018-8-1 13:10:05',47);
insert into SegmentoVideo
values(2,'940S','2018-8-1 13:10:05',47);
insert into SegmentoVideo
values(3,'1410S','2018-8-1 13:10:05',47);
insert into SegmentoVideo
values(4,'1880S','2018-8-1 13:10:05',47);
insert into SegmentoVideo
values(5,'2350S','2018-8-1 13:10:05',47);
insert into SegmentoVideo
values(1,'480S','2018-8-1 13:10:05',48);
insert into SegmentoVideo
values(2,'960S','2018-8-1 13:10:05',48);
insert into SegmentoVideo
values(3,'1440S','2018-8-1 13:10:05',48);
insert into SegmentoVideo
values(4,'1920S','2018-8-1 13:10:05',48);
insert into SegmentoVideo
values(5,'2400S','2018-8-1 13:10:05',48);
insert into SegmentoVideo
values(1,'490S','2018-8-1 13:10:05',49);
insert into SegmentoVideo
values(2,'980S','2018-8-1 13:10:05',49);
insert into SegmentoVideo
values(3,'1470S','2018-8-1 13:10:05',49);
insert into SegmentoVideo
values(4,'1960S','2018-8-1 13:10:05',49);
insert into SegmentoVideo
values(5,'2450S','2018-8-1 13:10:05',49);
insert into SegmentoVideo
values(1,'500S','2018-8-1 13:10:05',50);
insert into SegmentoVideo
values(2,'1000S','2018-8-1 13:10:05',50);
insert into SegmentoVideo
values(3,'1500S','2018-8-1 13:10:05',50);
insert into SegmentoVideo
values(4,'2000S','2018-8-1 13:10:05',50);
insert into SegmentoVideo
values(5,'2500S','2018-8-1 13:10:05',50);
insert into SegmentoVideo
values(1,'510S','2018-8-1 13:10:05',51);
insert into SegmentoVideo
values(2,'1020S','2018-8-1 13:10:05',51);
insert into SegmentoVideo
values(3,'1530S','2018-8-1 13:10:05',51);
insert into SegmentoVideo
values(4,'2040S','2018-8-1 13:10:05',51);
insert into SegmentoVideo
values(5,'2550S','2018-8-1 13:10:05',51);
insert into SegmentoVideo
values(1,'520S','2018-8-1 13:10:05',52);
insert into SegmentoVideo
values(2,'1040S','2018-8-1 13:10:05',52);
insert into SegmentoVideo
values(3,'1560S','2018-8-1 13:10:05',52);
insert into SegmentoVideo
values(4,'2080S','2018-8-1 13:10:05',52);
insert into SegmentoVideo
values(5,'2600S','2018-8-1 13:10:05',52);
insert into SegmentoVideo
values(1,'530S','2018-8-1 13:10:05',53);
insert into SegmentoVideo
values(2,'1060S','2018-8-1 13:10:05',53);
insert into SegmentoVideo
values(3,'1590S','2018-8-1 13:10:05',53);
insert into SegmentoVideo
values(4,'2120S','2018-8-1 13:10:05',53);
insert into SegmentoVideo
values(5,'2650S','2018-8-1 13:10:05',53);
insert into SegmentoVideo
values(1,'540S','2018-8-1 13:10:05',54);
insert into SegmentoVideo
values(2,'1080S','2018-8-1 13:10:05',54);
insert into SegmentoVideo
values(3,'1620S','2018-8-1 13:10:05',54);
insert into SegmentoVideo
values(4,'2160S','2018-8-1 13:10:05',54);
insert into SegmentoVideo
values(5,'2700S','2018-8-1 13:10:05',54);
insert into SegmentoVideo
values(1,'550S','2018-8-1 13:10:05',55);
insert into SegmentoVideo
values(2,'1100S','2018-8-1 13:10:05',55);
insert into SegmentoVideo
values(3,'1650S','2018-8-1 13:10:05',55);
insert into SegmentoVideo
values(4,'2200S','2018-8-1 13:10:05',55);
insert into SegmentoVideo
values(5,'2750S','2018-8-1 13:10:05',55);
insert into SegmentoVideo
values(1,'560S','2018-8-1 13:10:05',56);
insert into SegmentoVideo
values(2,'1120S','2018-8-1 13:10:05',56);
insert into SegmentoVideo
values(3,'1680S','2018-8-1 13:10:05',56);
insert into SegmentoVideo
values(4,'2240S','2018-8-1 13:10:05',56);
insert into SegmentoVideo
values(5,'2800S','2018-8-1 13:10:05',56);
insert into SegmentoVideo
values(1,'570S','2018-8-1 13:10:05',57);
insert into SegmentoVideo
values(2,'1140S','2018-8-1 13:10:05',57);
insert into SegmentoVideo
values(3,'1710S','2018-8-1 13:10:05',57);
insert into SegmentoVideo
values(4,'2280S','2018-8-1 13:10:05',57);
insert into SegmentoVideo
values(5,'2850S','2018-8-1 13:10:05',57);
insert into SegmentoVideo
values(1,'580S','2018-8-1 13:10:05',58);
insert into SegmentoVideo
values(2,'1160S','2018-8-1 13:10:05',58);
insert into SegmentoVideo
values(3,'1740S','2018-8-1 13:10:05',58);
insert into SegmentoVideo
values(4,'2320S','2018-8-1 13:10:05',58);
insert into SegmentoVideo
values(5,'2900S','2018-8-1 13:10:05',58);
insert into SegmentoVideo
values(1,'590S','2018-8-1 13:10:05',59);
insert into SegmentoVideo
values(2,'1180S','2018-8-1 13:10:05',59);
insert into SegmentoVideo
values(3,'1770S','2018-8-1 13:10:05',59);
insert into SegmentoVideo
values(4,'2360S','2018-8-1 13:10:05',59);
insert into SegmentoVideo
values(5,'2950S','2018-8-1 13:10:05',59);
insert into SegmentoVideo
values(1,'600S','2018-8-1 13:10:05',60);
insert into SegmentoVideo
values(2,'1200S','2018-8-1 13:10:05',60);
insert into SegmentoVideo
values(3,'1800S','2018-8-1 13:10:05',60);
insert into SegmentoVideo
values(4,'2400S','2018-8-1 13:10:05',60);
insert into SegmentoVideo
values(5,'3000S','2018-8-1 13:10:05',60);
insert into SegmentoVideo
values(1,'610S','2018-8-1 13:10:05',61);
insert into SegmentoVideo
values(2,'1220S','2018-8-1 13:10:05',61);
insert into SegmentoVideo
values(3,'1830S','2018-8-1 13:10:05',61);
insert into SegmentoVideo
values(4,'2440S','2018-8-1 13:10:05',61);
insert into SegmentoVideo
values(5,'3050S','2018-8-1 13:10:05',61);
insert into SegmentoVideo
values(1,'620S','2018-8-1 13:10:05',62);
insert into SegmentoVideo
values(2,'1240S','2018-8-1 13:10:05',62);
insert into SegmentoVideo
values(3,'1860S','2018-8-1 13:10:05',62);
insert into SegmentoVideo
values(4,'2480S','2018-8-1 13:10:05',62);
insert into SegmentoVideo
values(5,'3100S','2018-8-1 13:10:05',62);
insert into SegmentoVideo
values(1,'630S','2018-8-1 13:10:05',63);
insert into SegmentoVideo
values(2,'1260S','2018-8-1 13:10:05',63);
insert into SegmentoVideo
values(3,'1890S','2018-8-1 13:10:05',63);
insert into SegmentoVideo
values(4,'2520S','2018-8-1 13:10:05',63);
insert into SegmentoVideo
values(5,'3150S','2018-8-1 13:10:05',63);
insert into SegmentoVideo
values(1,'640S','2018-8-1 13:10:05',64);
insert into SegmentoVideo
values(2,'1280S','2018-8-1 13:10:05',64);
insert into SegmentoVideo
values(3,'1920S','2018-8-1 13:10:05',64);
insert into SegmentoVideo
values(4,'2560S','2018-8-1 13:10:05',64);
insert into SegmentoVideo
values(5,'3200S','2018-8-1 13:10:05',64);
insert into SegmentoVideo
values(1,'650S','2018-8-1 13:10:05',65);
insert into SegmentoVideo
values(2,'1300S','2018-8-1 13:10:05',65);
insert into SegmentoVideo
values(3,'1950S','2018-8-1 13:10:05',65);
insert into SegmentoVideo
values(4,'2600S','2018-8-1 13:10:05',65);
insert into SegmentoVideo
values(5,'3250S','2018-8-1 13:10:05',65);
insert into SegmentoVideo
values(1,'660S','2018-8-1 13:10:05',66);
insert into SegmentoVideo
values(2,'1320S','2018-8-1 13:10:05',66);
insert into SegmentoVideo
values(3,'1980S','2018-8-1 13:10:05',66);
insert into SegmentoVideo
values(4,'2640S','2018-8-1 13:10:05',66);
insert into SegmentoVideo
values(5,'3300S','2018-8-1 13:10:05',66);
insert into SegmentoVideo
values(1,'670S','2018-8-1 13:10:05',67);
insert into SegmentoVideo
values(2,'1340S','2018-8-1 13:10:05',67);
insert into SegmentoVideo
values(3,'2010S','2018-8-1 13:10:05',67);
insert into SegmentoVideo
values(4,'2680S','2018-8-1 13:10:05',67);
insert into SegmentoVideo
values(5,'3350S','2018-8-1 13:10:05',67);
insert into SegmentoVideo
values(1,'680S','2018-8-1 13:10:05',68);
insert into SegmentoVideo
values(2,'1360S','2018-8-1 13:10:05',68);
insert into SegmentoVideo
values(3,'2040S','2018-8-1 13:10:05',68);
insert into SegmentoVideo
values(4,'2720S','2018-8-1 13:10:05',68);
insert into SegmentoVideo
values(5,'3400S','2018-8-1 13:10:05',68);
insert into SegmentoVideo
values(1,'690S','2018-8-1 13:10:05',69);
insert into SegmentoVideo
values(2,'1380S','2018-8-1 13:10:05',69);
insert into SegmentoVideo
values(3,'2070S','2018-8-1 13:10:05',69);
insert into SegmentoVideo
values(4,'2760S','2018-8-1 13:10:05',69);
insert into SegmentoVideo
values(5,'3450S','2018-8-1 13:10:05',69);
insert into SegmentoVideo
values(1,'700S','2018-8-1 13:10:05',70);
insert into SegmentoVideo
values(2,'1400S','2018-8-1 13:10:05',70);
insert into SegmentoVideo
values(3,'2100S','2018-8-1 13:10:05',70);
insert into SegmentoVideo
values(4,'2800S','2018-8-1 13:10:05',70);
insert into SegmentoVideo
values(5,'3500S','2018-8-1 13:10:05',70);
insert into SegmentoVideo
values(1,'710S','2018-8-1 13:10:05',71);
insert into SegmentoVideo
values(2,'1420S','2018-8-1 13:10:05',71);
insert into SegmentoVideo
values(3,'2130S','2018-8-1 13:10:05',71);
insert into SegmentoVideo
values(4,'2840S','2018-8-1 13:10:05',71);
insert into SegmentoVideo
values(5,'3550S','2018-8-1 13:10:05',71);
insert into SegmentoVideo
values(1,'720S','2018-8-1 13:10:05',72);
insert into SegmentoVideo
values(2,'1440S','2018-8-1 13:10:05',72);
insert into SegmentoVideo
values(3,'2160S','2018-8-1 13:10:05',72);
insert into SegmentoVideo
values(4,'2880S','2018-8-1 13:10:05',72);
insert into SegmentoVideo
values(5,'3600S','2018-8-1 13:10:05',72);
insert into SegmentoVideo
values(1,'730S','2018-8-1 13:10:05',73);
insert into SegmentoVideo
values(2,'1460S','2018-8-1 13:10:05',73);
insert into SegmentoVideo
values(3,'2190S','2018-8-1 13:10:05',73);
insert into SegmentoVideo
values(4,'2920S','2018-8-1 13:10:05',73);
insert into SegmentoVideo
values(5,'3650S','2018-8-1 13:10:05',73);
insert into SegmentoVideo
values(1,'740S','2018-8-1 13:10:05',74);
insert into SegmentoVideo
values(2,'1480S','2018-8-1 13:10:05',74);
insert into SegmentoVideo
values(3,'2220S','2018-8-1 13:10:05',74);
insert into SegmentoVideo
values(4,'2960S','2018-8-1 13:10:05',74);
insert into SegmentoVideo
values(5,'3700S','2018-8-1 13:10:05',74);
insert into SegmentoVideo
values(1,'750S','2018-8-1 13:10:05',75);
insert into SegmentoVideo
values(2,'1500S','2018-8-1 13:10:05',75);
insert into SegmentoVideo
values(3,'2250S','2018-8-1 13:10:05',75);
insert into SegmentoVideo
values(4,'3000S','2018-8-1 13:10:05',75);
insert into SegmentoVideo
values(5,'3750S','2018-8-1 13:10:05',75);
insert into SegmentoVideo
values(1,'760S','2018-8-1 13:10:05',76);
insert into SegmentoVideo
values(2,'1520S','2018-8-1 13:10:05',76);
insert into SegmentoVideo
values(3,'2280S','2018-8-1 13:10:05',76);
insert into SegmentoVideo
values(4,'3040S','2018-8-1 13:10:05',76);
insert into SegmentoVideo
values(5,'3800S','2018-8-1 13:10:05',76);
insert into SegmentoVideo
values(1,'770S','2018-8-1 13:10:05',77);
insert into SegmentoVideo
values(2,'1540S','2018-8-1 13:10:05',77);
insert into SegmentoVideo
values(3,'2310S','2018-8-1 13:10:05',77);
insert into SegmentoVideo
values(4,'3080S','2018-8-1 13:10:05',77);
insert into SegmentoVideo
values(5,'3850S','2018-8-1 13:10:05',77);
insert into SegmentoVideo
values(1,'780S','2018-8-1 13:10:05',78);
insert into SegmentoVideo
values(2,'1560S','2018-8-1 13:10:05',78);
insert into SegmentoVideo
values(3,'2340S','2018-8-1 13:10:05',78);
insert into SegmentoVideo
values(4,'3120S','2018-8-1 13:10:05',78);
insert into SegmentoVideo
values(5,'3900S','2018-8-1 13:10:05',78);
insert into SegmentoVideo
values(1,'790S','2018-8-1 13:10:05',79);
insert into SegmentoVideo
values(2,'1580S','2018-8-1 13:10:05',79);
insert into SegmentoVideo
values(3,'2370S','2018-8-1 13:10:05',79);
insert into SegmentoVideo
values(4,'3160S','2018-8-1 13:10:05',79);
insert into SegmentoVideo
values(5,'3950S','2018-8-1 13:10:05',79);
insert into SegmentoVideo
values(1,'800S','2018-8-1 13:10:05',80);
insert into SegmentoVideo
values(2,'1600S','2018-8-1 13:10:05',80);
insert into SegmentoVideo
values(3,'2400S','2018-8-1 13:10:05',80);
insert into SegmentoVideo
values(4,'3200S','2018-8-1 13:10:05',80);
insert into SegmentoVideo
values(5,'4000S','2018-8-1 13:10:05',80);
insert into SegmentoVideo
values(1,'810S','2018-8-1 13:10:05',81);
insert into SegmentoVideo
values(2,'1620S','2018-8-1 13:10:05',81);
insert into SegmentoVideo
values(3,'2430S','2018-8-1 13:10:05',81);
insert into SegmentoVideo
values(4,'3240S','2018-8-1 13:10:05',81);
insert into SegmentoVideo
values(5,'4050S','2018-8-1 13:10:05',81);
insert into SegmentoVideo
values(1,'820S','2018-8-1 13:10:05',82);
insert into SegmentoVideo
values(2,'1640S','2018-8-1 13:10:05',82);
insert into SegmentoVideo
values(3,'2460S','2018-8-1 13:10:05',82);
insert into SegmentoVideo
values(4,'3280S','2018-8-1 13:10:05',82);
insert into SegmentoVideo
values(5,'4100S','2018-8-1 13:10:05',82);
insert into SegmentoVideo
values(1,'830S','2018-8-1 13:10:05',83);
insert into SegmentoVideo
values(2,'1660S','2018-8-1 13:10:05',83);
insert into SegmentoVideo
values(3,'2490S','2018-8-1 13:10:05',83);
insert into SegmentoVideo
values(4,'3320S','2018-8-1 13:10:05',83);
insert into SegmentoVideo
values(5,'4150S','2018-8-1 13:10:05',83);
insert into SegmentoVideo
values(1,'840S','2018-8-1 13:10:05',84);
insert into SegmentoVideo
values(2,'1680S','2018-8-1 13:10:05',84);
insert into SegmentoVideo
values(3,'2520S','2018-8-1 13:10:05',84);
insert into SegmentoVideo
values(4,'3360S','2018-8-1 13:10:05',84);
insert into SegmentoVideo
values(5,'4200S','2018-8-1 13:10:05',84);
insert into SegmentoVideo
values(1,'850S','2018-8-1 13:10:05',85);
insert into SegmentoVideo
values(2,'1700S','2018-8-1 13:10:05',85);
insert into SegmentoVideo
values(3,'2550S','2018-8-1 13:10:05',85);
insert into SegmentoVideo
values(4,'3400S','2018-8-1 13:10:05',85);
insert into SegmentoVideo
values(5,'4250S','2018-8-1 13:10:05',85);
insert into SegmentoVideo
values(1,'860S','2018-8-1 13:10:05',86);
insert into SegmentoVideo
values(2,'1720S','2018-8-1 13:10:05',86);
insert into SegmentoVideo
values(3,'2580S','2018-8-1 13:10:05',86);
insert into SegmentoVideo
values(4,'3440S','2018-8-1 13:10:05',86);
insert into SegmentoVideo
values(5,'4300S','2018-8-1 13:10:05',86);
insert into SegmentoVideo
values(1,'870S','2018-8-1 13:10:05',87);
insert into SegmentoVideo
values(2,'1740S','2018-8-1 13:10:05',87);
insert into SegmentoVideo
values(3,'2610S','2018-8-1 13:10:05',87);
insert into SegmentoVideo
values(4,'3480S','2018-8-1 13:10:05',87);
insert into SegmentoVideo
values(5,'4350S','2018-8-1 13:10:05',87);
insert into SegmentoVideo
values(1,'880S','2018-8-1 13:10:05',88);
insert into SegmentoVideo
values(2,'1760S','2018-8-1 13:10:05',88);
insert into SegmentoVideo
values(3,'2640S','2018-8-1 13:10:05',88);
insert into SegmentoVideo
values(4,'3520S','2018-8-1 13:10:05',88);
insert into SegmentoVideo
values(5,'4400S','2018-8-1 13:10:05',88);
insert into SegmentoVideo
values(1,'890S','2018-8-1 13:10:05',89);
insert into SegmentoVideo
values(2,'1780S','2018-8-1 13:10:05',89);
insert into SegmentoVideo
values(3,'2670S','2018-8-1 13:10:05',89);
insert into SegmentoVideo
values(4,'3560S','2018-8-1 13:10:05',89);
insert into SegmentoVideo
values(5,'4450S','2018-8-1 13:10:05',89);
insert into SegmentoVideo
values(1,'900S','2018-8-1 13:10:05',90);
insert into SegmentoVideo
values(2,'1800S','2018-8-1 13:10:05',90);
insert into SegmentoVideo
values(3,'2700S','2018-8-1 13:10:05',90);
insert into SegmentoVideo
values(4,'3600S','2018-8-1 13:10:05',90);
insert into SegmentoVideo
values(5,'4500S','2018-8-1 13:10:05',90);
insert into SegmentoVideo
values(1,'910S','2018-8-1 13:10:05',91);
insert into SegmentoVideo
values(2,'1820S','2018-8-1 13:10:05',91);
insert into SegmentoVideo
values(3,'2730S','2018-8-1 13:10:05',91);
insert into SegmentoVideo
values(4,'3640S','2018-8-1 13:10:05',91);
insert into SegmentoVideo
values(5,'4550S','2018-8-1 13:10:05',91);
insert into SegmentoVideo
values(1,'920S','2018-8-1 13:10:05',92);
insert into SegmentoVideo
values(2,'1840S','2018-8-1 13:10:05',92);
insert into SegmentoVideo
values(3,'2760S','2018-8-1 13:10:05',92);
insert into SegmentoVideo
values(4,'3680S','2018-8-1 13:10:05',92);
insert into SegmentoVideo
values(5,'4600S','2018-8-1 13:10:05',92);
insert into SegmentoVideo
values(1,'930S','2018-8-1 13:10:05',93);
insert into SegmentoVideo
values(2,'1860S','2018-8-1 13:10:05',93);
insert into SegmentoVideo
values(3,'2790S','2018-8-1 13:10:05',93);
insert into SegmentoVideo
values(4,'3720S','2018-8-1 13:10:05',93);
insert into SegmentoVideo
values(5,'4650S','2018-8-1 13:10:05',93);
insert into SegmentoVideo
values(1,'940S','2018-8-1 13:10:05',94);
insert into SegmentoVideo
values(2,'1880S','2018-8-1 13:10:05',94);
insert into SegmentoVideo
values(3,'2820S','2018-8-1 13:10:05',94);
insert into SegmentoVideo
values(4,'3760S','2018-8-1 13:10:05',94);
insert into SegmentoVideo
values(5,'4700S','2018-8-1 13:10:05',94);
insert into SegmentoVideo
values(1,'950S','2018-8-1 13:10:05',95);
insert into SegmentoVideo
values(2,'1900S','2018-8-1 13:10:05',95);
insert into SegmentoVideo
values(3,'2850S','2018-8-1 13:10:05',95);
insert into SegmentoVideo
values(4,'3800S','2018-8-1 13:10:05',95);
insert into SegmentoVideo
values(5,'4750S','2018-8-1 13:10:05',95);
insert into SegmentoVideo
values(1,'960S','2018-8-1 13:10:05',96);
insert into SegmentoVideo
values(2,'1920S','2018-8-1 13:10:05',96);
insert into SegmentoVideo
values(3,'2880S','2018-8-1 13:10:05',96);
insert into SegmentoVideo
values(4,'3840S','2018-8-1 13:10:05',96);
insert into SegmentoVideo
values(5,'4800S','2018-8-1 13:10:05',96);
insert into SegmentoVideo
values(1,'970S','2018-8-1 13:10:05',97);
insert into SegmentoVideo
values(2,'1940S','2018-8-1 13:10:05',97);
insert into SegmentoVideo
values(3,'2910S','2018-8-1 13:10:05',97);
insert into SegmentoVideo
values(4,'3880S','2018-8-1 13:10:05',97);
insert into SegmentoVideo
values(5,'4850S','2018-8-1 13:10:05',97);
insert into SegmentoVideo
values(1,'980S','2018-8-1 13:10:05',98);
insert into SegmentoVideo
values(2,'1960S','2018-8-1 13:10:05',98);
insert into SegmentoVideo
values(3,'2940S','2018-8-1 13:10:05',98);
insert into SegmentoVideo
values(4,'3920S','2018-8-1 13:10:05',98);
insert into SegmentoVideo
values(5,'4900S','2018-8-1 13:10:05',98);
insert into SegmentoVideo
values(1,'990S','2018-8-1 13:10:05',99);
insert into SegmentoVideo
values(2,'1980S','2018-8-1 13:10:05',99);
insert into SegmentoVideo
values(3,'2970S','2018-8-1 13:10:05',99);
insert into SegmentoVideo
values(4,'3960S','2018-8-1 13:10:05',99);
insert into SegmentoVideo
values(5,'4950S','2018-8-1 13:10:05',99);
insert into SegmentoVideo
values(1,'1000S','2018-8-1 13:10:05',100);
insert into SegmentoVideo
values(2,'2000S','2018-8-1 13:10:05',100);
insert into SegmentoVideo
values(3,'3000S','2018-8-1 13:10:05',100);
insert into SegmentoVideo
values(4,'4000S','2018-8-1 13:10:05',100);
insert into SegmentoVideo
values(5,'5000S','2018-8-1 13:10:05',100);
insert into Solicita
values(1,'2018-8-1 13:10:05',100,'2015-10-7 13:09:05','2018-10-7 13:09:05');
insert into Solicita
values(2,'2018-8-1 13:10:05',99,'2015-10-7 13:09:05','2018-8-1 15:15:05');
insert into Solicita
values(3,'2018-8-1 13:10:05',98,'2015-10-7 13:09:05','2018-10-1 17:54:05');
insert into Solicita
values(4,'2018-8-1 13:10:05',97,'2015-10-7 13:09:05','2018-10-1 13:10:05');
insert into Solicita
values(5,'2018-8-1 13:10:05',96,'2015-10-7 13:09:05','2018-11-4 13:10:37');
insert into Solicita
values(6,'2018-8-1 13:10:05',95,'2015-10-7 13:09:05','2018-11-23 13:06:05');
insert into Solicita
values(7,'2018-8-1 13:10:05',94,'2015-10-7 13:09:05','2018-10-1 11:00:05');
insert into Solicita
values(8,'2018-8-1 13:10:05',93,'2015-10-7 13:09:05','2018-11-14 13:10:05');
insert into Solicita
values(9,'2018-8-1 13:10:05',92,'2015-10-7 13:09:05','2018-10-1 23:10:05');
insert into Solicita
values(10,'2018-8-1 13:10:05',91,'2015-10-7 13:09:05','2018-10-1 13:10:05');
insert into Solicita
values(11,'2018-8-1 13:10:05',90,'2011-8-1 15:15:05','2018-10-7 13:09:05');
insert into Solicita
values(12,'2018-8-1 13:10:05',89,'2011-8-1 15:15:05','2018-8-1 15:15:05');
insert into Solicita
values(13,'2018-8-1 13:10:05',88,'2011-8-1 15:15:05','2018-10-1 17:54:05');
insert into Solicita
values(14,'2018-8-1 13:10:05',87,'2011-8-1 15:15:05','2018-10-1 13:10:05');
insert into Solicita
values(15,'2018-8-1 13:10:05',86,'2011-8-1 15:15:05','2018-11-4 13:10:37');
insert into Solicita
values(16,'2018-8-1 13:10:05',85,'2011-8-1 15:15:05','2018-11-23 13:06:05');
insert into Solicita
values(17,'2018-8-1 13:10:05',84,'2011-8-1 15:15:05','2018-10-1 11:00:05');
insert into Solicita
values(18,'2018-8-1 13:10:05',83,'2011-8-1 15:15:05','2018-11-14 13:10:05');
insert into Solicita
values(19,'2018-8-1 13:10:05',82,'2011-8-1 15:15:05','2018-10-1 23:10:05');
insert into Solicita
values(20,'2018-8-1 13:10:05',81,'2011-8-1 15:15:05','2018-10-1 13:10:05');
insert into Solicita
values(21,'2018-8-1 13:10:05',80,'2017-10-1 17:54:05','2018-10-7 13:09:05');
insert into Solicita
values(22,'2018-8-1 13:10:05',79,'2017-10-1 17:54:05','2018-8-1 15:15:05');
insert into Solicita
values(23,'2018-8-1 13:10:05',78,'2017-10-1 17:54:05','2018-10-1 17:54:05');
insert into Solicita
values(24,'2018-8-1 13:10:05',77,'2017-10-1 17:54:05','2018-10-1 13:10:05');
insert into Solicita
values(25,'2018-8-1 13:10:05',76,'2017-10-1 17:54:05','2018-11-4 13:10:37');
insert into Solicita
values(26,'2018-8-1 13:10:05',75,'2017-10-1 17:54:05','2018-11-23 13:06:05');
insert into Solicita
values(27,'2018-8-1 13:10:05',74,'2017-10-1 17:54:05','2018-10-1 11:00:05');
insert into Solicita
values(28,'2018-8-1 13:10:05',73,'2017-10-1 17:54:05','2018-11-14 13:10:05');
insert into Solicita
values(29,'2018-8-1 13:10:05',72,'2017-10-1 17:54:05','2018-10-1 23:10:05');
insert into Solicita
values(30,'2018-8-1 13:10:05',71,'2017-10-1 17:54:05','2018-10-1 13:10:05');
insert into Solicita
values(31,'2018-8-1 13:10:05',70,'2016-10-1 13:10:05','2018-10-7 13:09:05');
insert into Solicita
values(32,'2018-8-1 13:10:05',69,'2016-10-1 13:10:05','2018-8-1 15:15:05');
insert into Solicita
values(33,'2018-8-1 13:10:05',68,'2016-10-1 13:10:05','2018-10-1 17:54:05');
insert into Solicita
values(34,'2018-8-1 13:10:05',67,'2016-10-1 13:10:05','2018-10-1 13:10:05');
insert into Solicita
values(35,'2018-8-1 13:10:05',66,'2016-10-1 13:10:05','2018-11-4 13:10:37');
insert into Solicita
values(36,'2018-8-1 13:10:05',65,'2016-10-1 13:10:05','2018-11-23 13:06:05');
insert into Solicita
values(37,'2018-8-1 13:10:05',64,'2016-10-1 13:10:05','2018-10-1 11:00:05');
insert into Solicita
values(38,'2018-8-1 13:10:05',63,'2016-10-1 13:10:05','2018-11-14 13:10:05');
insert into Solicita
values(39,'2018-8-1 13:10:05',62,'2016-10-1 13:10:05','2018-10-1 23:10:05');
insert into Solicita
values(40,'2018-8-1 13:10:05',61,'2016-10-1 13:10:05','2018-10-1 13:10:05');
insert into Solicita
values(41,'2018-8-1 13:10:05',60,'2014-11-4 13:10:37','2018-10-7 13:09:05');
insert into Solicita
values(42,'2018-8-1 13:10:05',59,'2014-11-4 13:10:37','2018-8-1 15:15:05');
insert into Solicita
values(43,'2018-8-1 13:10:05',58,'2014-11-4 13:10:37','2018-10-1 17:54:05');
insert into Solicita
values(44,'2018-8-1 13:10:05',57,'2014-11-4 13:10:37','2018-10-1 13:10:05');
insert into Solicita
values(45,'2018-8-1 13:10:05',56,'2014-11-4 13:10:37','2018-11-4 13:10:37');
insert into Solicita
values(46,'2018-8-1 13:10:05',55,'2014-11-4 13:10:37','2018-11-23 13:06:05');
insert into Solicita
values(47,'2018-8-1 13:10:05',54,'2014-11-4 13:10:37','2018-10-1 11:00:05');
insert into Solicita
values(48,'2018-8-1 13:10:05',53,'2014-11-4 13:10:37','2018-11-14 13:10:05');
insert into Solicita
values(49,'2018-8-1 13:10:05',52,'2014-11-4 13:10:37','2018-10-1 23:10:05');
insert into Solicita
values(50,'2018-8-1 13:10:05',51,'2014-11-4 13:10:37','2018-10-1 13:10:05');
insert into Solicita
values(51,'2018-8-1 13:10:05',50,'2012-12-23 13:06:05','2018-10-7 13:09:05');
insert into Solicita
values(52,'2018-8-1 13:10:05',49,'2012-12-23 13:06:05','2018-8-1 15:15:05');
insert into Solicita
values(53,'2018-8-1 13:10:05',48,'2012-12-23 13:06:05','2018-10-1 17:54:05');
insert into Solicita
values(54,'2018-8-1 13:10:05',47,'2012-12-23 13:06:05','2018-10-1 13:10:05');
insert into Solicita
values(55,'2018-8-1 13:10:05',46,'2012-12-23 13:06:05','2018-11-4 13:10:37');
insert into Solicita
values(56,'2018-8-1 13:10:05',45,'2012-12-23 13:06:05','2018-11-23 13:06:05');
insert into Solicita
values(57,'2018-8-1 13:10:05',44,'2012-12-23 13:06:05','2018-10-1 11:00:05');
insert into Solicita
values(58,'2018-8-1 13:10:05',43,'2012-12-23 13:06:05','2018-11-14 13:10:05');
insert into Solicita
values(59,'2018-8-1 13:10:05',42,'2012-12-23 13:06:05','2018-10-1 23:10:05');
insert into Solicita
values(60,'2018-8-1 13:10:05',41,'2012-12-23 13:06:05','2018-10-1 13:10:05');
insert into Solicita
values(61,'2018-8-1 13:10:05',40,'2014-10-1 11:00:05','2018-10-7 13:09:05');
insert into Solicita
values(62,'2018-8-1 13:10:05',39,'2014-10-1 11:00:05','2018-8-1 15:15:05');
insert into Solicita
values(63,'2018-8-1 13:10:05',38,'2014-10-1 11:00:05','2018-10-1 17:54:05');
insert into Solicita
values(64,'2018-8-1 13:10:05',37,'2014-10-1 11:00:05','2018-10-1 13:10:05');
insert into Solicita
values(65,'2018-8-1 13:10:05',36,'2014-10-1 11:00:05','2018-11-4 13:10:37');
insert into Solicita
values(66,'2018-8-1 13:10:05',35,'2014-10-1 11:00:05','2018-11-23 13:06:05');
insert into Solicita
values(67,'2018-8-1 13:10:05',34,'2014-10-1 11:00:05','2018-10-1 11:00:05');
insert into Solicita
values(68,'2018-8-1 13:10:05',33,'2014-10-1 11:00:05','2018-11-14 13:10:05');
insert into Solicita
values(69,'2018-8-1 13:10:05',32,'2014-10-1 11:00:05','2018-10-1 23:10:05');
insert into Solicita
values(70,'2018-8-1 13:10:05',31,'2014-10-1 11:00:05','2018-10-1 13:10:05');
insert into Solicita
values(71,'2018-8-1 13:10:05',30,'2010-11-14 13:10:05','2018-10-7 13:09:05');
insert into Solicita
values(72,'2018-8-1 13:10:05',29,'2010-11-14 13:10:05','2018-8-1 15:15:05');
insert into Solicita
values(73,'2018-8-1 13:10:05',28,'2010-11-14 13:10:05','2018-10-1 17:54:05');
insert into Solicita
values(74,'2018-8-1 13:10:05',27,'2010-11-14 13:10:05','2018-10-1 13:10:05');
insert into Solicita
values(75,'2018-8-1 13:10:05',26,'2010-11-14 13:10:05','2018-11-4 13:10:37');
insert into Solicita
values(76,'2018-8-1 13:10:05',25,'2010-11-14 13:10:05','2018-11-23 13:06:05');
insert into Solicita
values(77,'2018-8-1 13:10:05',24,'2010-11-14 13:10:05','2018-10-1 11:00:05');
insert into Solicita
values(78,'2018-8-1 13:10:05',23,'2010-11-14 13:10:05','2018-11-14 13:10:05');
insert into Solicita
values(79,'2018-8-1 13:10:05',22,'2010-11-14 13:10:05','2018-10-1 23:10:05');
insert into Solicita
values(80,'2018-8-1 13:10:05',21,'2010-11-14 13:10:05','2018-10-1 13:10:05');
insert into Solicita
values(81,'2018-8-1 13:10:05',20,'1999-10-1 23:10:05','2018-10-7 13:09:05');
insert into Solicita
values(82,'2018-8-1 13:10:05',19,'1999-10-1 23:10:05','2018-8-1 15:15:05');
insert into Solicita
values(83,'2018-8-1 13:10:05',18,'1999-10-1 23:10:05','2018-10-1 17:54:05');
insert into Solicita
values(84,'2018-8-1 13:10:05',17,'1999-10-1 23:10:05','2018-10-1 13:10:05');
insert into Solicita
values(85,'2018-8-1 13:10:05',16,'1999-10-1 23:10:05','2018-11-4 13:10:37');
insert into Solicita
values(86,'2018-8-1 13:10:05',15,'1999-10-1 23:10:05','2018-11-23 13:06:05');
insert into Solicita
values(87,'2018-8-1 13:10:05',14,'1999-10-1 23:10:05','2018-10-1 11:00:05');
insert into Solicita
values(88,'2018-8-1 13:10:05',13,'1999-10-1 23:10:05','2018-11-14 13:10:05');
insert into Solicita
values(89,'2018-8-1 13:10:05',12,'1999-10-1 23:10:05','2018-10-1 23:10:05');
insert into Solicita
values(90,'2018-8-1 13:10:05',11,'1999-10-1 23:10:05','2018-10-1 13:10:05');
insert into Solicita
values(91,'2018-8-1 13:10:05',10,'1053-10-1 13:10:05','2018-10-7 13:09:05');
insert into Solicita
values(92,'2018-8-1 13:10:05',9,'1053-10-1 13:10:05','2018-8-1 15:15:05');
insert into Solicita
values(93,'2018-8-1 13:10:05',8,'1053-10-1 13:10:05','2018-10-1 17:54:05');
insert into Solicita
values(94,'2018-8-1 13:10:05',7,'1053-10-1 13:10:05','2018-10-1 13:10:05');
insert into Solicita
values(95,'2018-8-1 13:10:05',6,'1053-10-1 13:10:05','2018-11-4 13:10:37');
insert into Solicita
values(96,'2018-8-1 13:10:05',5,'1053-10-1 13:10:05','2018-11-23 13:06:05');
insert into Solicita
values(97,'2018-8-1 13:10:05',4,'1053-10-1 13:10:05','2018-10-1 11:00:05');
insert into Solicita
values(98,'2018-8-1 13:10:05',3,'1053-10-1 13:10:05','2018-11-14 13:10:05');
insert into Solicita
values(99,'2018-8-1 13:10:05',2,'1053-10-1 13:10:05','2018-10-1 23:10:05');
insert into Solicita
values(100,'2018-8-1 13:10:05',1,'1053-10-1 13:10:05','2018-10-1 13:10:05');
insert into Audita
values(1,1,'Policia de Lisboa',1,'2011-8-1 15:15:05','2018-8-1 15:15:05','2019-05-04','lorem ipsum');
insert into Audita
values(2,2,'Bombeiros de Porto',2,'2017-10-1 17:54:05','2018-10-1 17:54:05','2019-05-04','lorem ipsum');
insert into Audita
values(3,3,'Posto militar de Beja',3,'2016-10-1 13:10:05','2018-10-1 13:10:05','2019-05-04','lorem ipsum');
insert into Audita
values(4,4,'Forca aerea de Oeiras',4,'2014-11-4 13:10:37','2018-11-4 13:10:37','2019-05-04','lorem ipsum');
insert into Audita
values(5,5,'Hospital de Amares',5,'2012-12-23 13:06:05','2018-11-23 13:06:05','2019-05-04','lorem ipsum');
insert into Audita
values(6,6,'Policia de Ponta Delgada',6,'2014-10-1 11:00:05','2018-10-1 11:00:05','2019-05-04','lorem ipsum');
insert into Audita
values(7,7,'Bombeiros de Alcains',7,'2010-11-14 13:10:05','2018-11-14 13:10:05','2019-05-04','lorem ipsum');
insert into Audita
values(8,8,'Posto militar de Sarnadas',8,'1999-10-1 23:10:05','2018-10-1 23:10:05','2019-05-04','lorem ipsum');
insert into Audita
values(9,9,'Forca aerea de Rodao',9,'1053-10-1 13:10:05','2018-10-1 13:10:05','2019-05-04','lorem ipsum');
insert into Audita
values(10,10,'Hospital de Arez',10,'2015-10-7 13:09:05','2018-10-7 13:09:05','2019-05-04','lorem ipsum');
insert into Audita
values(11,11,'Policia de Nisa',11,'2011-8-1 15:15:05','2018-8-1 15:15:05','2019-05-04','lorem ipsum');
insert into Audita
values(12,12,'Bombeiros de Mora',12,'2017-10-1 17:54:05','2018-10-1 17:54:05','2019-05-04','lorem ipsum');
insert into Audita
values(13,13,'Posto militar de Portalegre',13,'2016-10-1 13:10:05','2018-10-1 13:10:05','2019-05-04','lorem ipsum');
insert into Audita
values(14,14,'Forca aerea de Aveiro',14,'2014-11-4 13:10:37','2018-11-4 13:10:37','2019-05-04','lorem ipsum');
insert into Audita
values(15,15,'Hospital de Guarda',15,'2012-12-23 13:06:05','2018-11-23 13:06:05','2019-05-04','lorem ipsum');
insert into Audita
values(16,16,'Policia de Almourol',16,'2014-10-1 11:00:05','2018-10-1 11:00:05','2019-05-04','lorem ipsum');
insert into Audita
values(17,17,'Bombeiros de Abrantes',17,'2010-11-14 13:10:05','2018-11-14 13:10:05','2019-05-04','lorem ipsum');
insert into Audita
values(18,18,'Posto militar de Vila Real',18,'1999-10-1 23:10:05','2018-10-1 23:10:05','2019-05-04','lorem ipsum');
insert into Audita
values(19,19,'Forca aerea de Entroncamento',19,'1053-10-1 13:10:05','2018-10-1 13:10:05','2019-05-04','lorem ipsum');
insert into Audita
values(20,20,'Hospital de Santarem',20,'2015-10-7 13:09:05','2018-10-7 13:09:05','2019-05-04','lorem ipsum');
insert into Audita
values(21,21,'Policia de Caldas da Rainha',21,'2011-8-1 15:15:05','2018-8-1 15:15:05','2019-05-04','lorem ipsum');
insert into Audita
values(22,22,'Bombeiros de Torres Vedras',22,'2017-10-1 17:54:05','2018-10-1 17:54:05','2019-05-04','lorem ipsum');
insert into Audita
values(23,23,'Posto militar de Torres Novas',23,'2016-10-1 13:10:05','2018-10-1 13:10:05','2019-05-04','lorem ipsum');
insert into Audita
values(24,24,'Forca aerea de Castelo Branco',24,'2014-11-4 13:10:37','2018-11-4 13:10:37','2019-05-04','lorem ipsum');
insert into Audita
values(25,25,'Hospital de Lisboa',25,'2012-12-23 13:06:05','2018-11-23 13:06:05','2019-05-04','lorem ipsum');
insert into Audita
values(26,26,'Policia de Porto',26,'2014-10-1 11:00:05','2018-10-1 11:00:05','2019-05-04','lorem ipsum');
insert into Audita
values(27,27,'Bombeiros de Beja',27,'2010-11-14 13:10:05','2018-11-14 13:10:05','2019-05-04','lorem ipsum');
insert into Audita
values(28,28,'Posto militar de Oeiras',28,'1999-10-1 23:10:05','2018-10-1 23:10:05','2019-05-04','lorem ipsum');
insert into Audita
values(29,29,'Forca aerea de Amares',29,'1053-10-1 13:10:05','2018-10-1 13:10:05','2019-05-04','lorem ipsum');
insert into Audita
values(30,30,'Hospital de Ponta Delgada',30,'2015-10-7 13:09:05','2018-10-7 13:09:05','2019-05-04','lorem ipsum');
insert into Audita
values(31,31,'Policia de Alcains',31,'2011-8-1 15:15:05','2018-8-1 15:15:05','2019-05-04','lorem ipsum');
insert into Audita
values(32,32,'Bombeiros de Sarnadas',32,'2017-10-1 17:54:05','2018-10-1 17:54:05','2019-05-04','lorem ipsum');
insert into Audita
values(33,33,'Posto militar de Rodao',33,'2016-10-1 13:10:05','2018-10-1 13:10:05','2019-05-04','lorem ipsum');
insert into Audita
values(34,34,'Forca aerea de Arez',34,'2014-11-4 13:10:37','2018-11-4 13:10:37','2019-05-04','lorem ipsum');
insert into Audita
values(35,35,'Hospital de Nisa',35,'2012-12-23 13:06:05','2018-11-23 13:06:05','2019-05-04','lorem ipsum');
insert into Audita
values(36,36,'Policia de Mora',36,'2014-10-1 11:00:05','2018-10-1 11:00:05','2019-05-04','lorem ipsum');
insert into Audita
values(37,37,'Bombeiros de Portalegre',37,'2010-11-14 13:10:05','2018-11-14 13:10:05','2019-05-04','lorem ipsum');
insert into Audita
values(38,38,'Posto militar de Aveiro',38,'1999-10-1 23:10:05','2018-10-1 23:10:05','2019-05-04','lorem ipsum');
insert into Audita
values(39,39,'Forca aerea de Guarda',39,'1053-10-1 13:10:05','2018-10-1 13:10:05','2019-05-04','lorem ipsum');
insert into Audita
values(40,40,'Hospital de Almourol',40,'2015-10-7 13:09:05','2018-10-7 13:09:05','2019-05-04','lorem ipsum');
insert into Audita
values(41,41,'Policia de Abrantes',41,'2011-8-1 15:15:05','2018-8-1 15:15:05','2019-05-04','lorem ipsum');
insert into Audita
values(42,42,'Bombeiros de Vila Real',42,'2017-10-1 17:54:05','2018-10-1 17:54:05','2019-05-04','lorem ipsum');
insert into Audita
values(43,43,'Posto militar de Entroncamento',43,'2016-10-1 13:10:05','2018-10-1 13:10:05','2019-05-04','lorem ipsum');
insert into Audita
values(44,44,'Forca aerea de Santarem',44,'2014-11-4 13:10:37','2018-11-4 13:10:37','2019-05-04','lorem ipsum');
insert into Audita
values(45,45,'Hospital de Caldas da Rainha',45,'2012-12-23 13:06:05','2018-11-23 13:06:05','2019-05-04','lorem ipsum');
insert into Audita
values(46,46,'Policia de Torres Vedras',46,'2014-10-1 11:00:05','2018-10-1 11:00:05','2019-05-04','lorem ipsum');
insert into Audita
values(47,47,'Bombeiros de Torres Novas',47,'2010-11-14 13:10:05','2018-11-14 13:10:05','2019-05-04','lorem ipsum');
insert into Audita
values(48,48,'Posto militar de Castelo Branco',48,'1999-10-1 23:10:05','2018-10-1 23:10:05','2019-05-04','lorem ipsum');
insert into Audita
values(49,49,'Forca aerea de Lisboa',49,'1053-10-1 13:10:05','2018-10-1 13:10:05','2019-05-04','lorem ipsum');
insert into Audita
values(50,50,'Hospital de Porto',50,'2015-10-7 13:09:05','2018-10-7 13:09:05','2019-05-04','lorem ipsum');
insert into Audita
values(51,51,'Policia de Beja',51,'2011-8-1 15:15:05','2018-8-1 15:15:05','2019-05-04','lorem ipsum');
insert into Audita
values(52,52,'Bombeiros de Oeiras',52,'2017-10-1 17:54:05','2018-10-1 17:54:05','2019-05-04','lorem ipsum');
insert into Audita
values(53,53,'Posto militar de Amares',53,'2016-10-1 13:10:05','2018-10-1 13:10:05','2019-05-04','lorem ipsum');
insert into Audita
values(54,54,'Forca aerea de Ponta Delgada',54,'2014-11-4 13:10:37','2018-11-4 13:10:37','2019-05-04','lorem ipsum');
insert into Audita
values(55,55,'Hospital de Alcains',55,'2012-12-23 13:06:05','2018-11-23 13:06:05','2019-05-04','lorem ipsum');
insert into Audita
values(56,56,'Policia de Sarnadas',56,'2014-10-1 11:00:05','2018-10-1 11:00:05','2019-05-04','lorem ipsum');
insert into Audita
values(57,57,'Bombeiros de Rodao',57,'2010-11-14 13:10:05','2018-11-14 13:10:05','2019-05-04','lorem ipsum');
insert into Audita
values(58,58,'Posto militar de Arez',58,'1999-10-1 23:10:05','2018-10-1 23:10:05','2019-05-04','lorem ipsum');
insert into Audita
values(59,59,'Forca aerea de Nisa',59,'1053-10-1 13:10:05','2018-10-1 13:10:05','2019-05-04','lorem ipsum');
insert into Audita
values(60,60,'Hospital de Mora',60,'2015-10-7 13:09:05','2018-10-7 13:09:05','2019-05-04','lorem ipsum');
insert into Audita
values(61,61,'Policia de Portalegre',61,'2011-8-1 15:15:05','2018-8-1 15:15:05','2019-05-04','lorem ipsum');
insert into Audita
values(62,62,'Bombeiros de Aveiro',62,'2017-10-1 17:54:05','2018-10-1 17:54:05','2019-05-04','lorem ipsum');
insert into Audita
values(63,63,'Posto militar de Guarda',63,'2016-10-1 13:10:05','2018-10-1 13:10:05','2019-05-04','lorem ipsum');
insert into Audita
values(64,64,'Forca aerea de Almourol',64,'2014-11-4 13:10:37','2018-11-4 13:10:37','2019-05-04','lorem ipsum');
insert into Audita
values(65,65,'Hospital de Abrantes',65,'2012-12-23 13:06:05','2018-11-23 13:06:05','2019-05-04','lorem ipsum');
insert into Audita
values(66,66,'Policia de Vila Real',66,'2014-10-1 11:00:05','2018-10-1 11:00:05','2019-05-04','lorem ipsum');
insert into Audita
values(67,67,'Bombeiros de Entroncamento',67,'2010-11-14 13:10:05','2018-11-14 13:10:05','2019-05-04','lorem ipsum');
insert into Audita
values(68,68,'Posto militar de Santarem',68,'1999-10-1 23:10:05','2018-10-1 23:10:05','2019-05-04','lorem ipsum');
insert into Audita
values(69,69,'Forca aerea de Caldas da Rainha',69,'1053-10-1 13:10:05','2018-10-1 13:10:05','2019-05-04','lorem ipsum');
insert into Audita
values(70,70,'Hospital de Torres Vedras',70,'2015-10-7 13:09:05','2018-10-7 13:09:05','2019-05-04','lorem ipsum');
insert into Audita
values(71,71,'Policia de Torres Novas',71,'2011-8-1 15:15:05','2018-8-1 15:15:05','2019-05-04','lorem ipsum');
insert into Audita
values(72,72,'Bombeiros de Castelo Branco',72,'2017-10-1 17:54:05','2018-10-1 17:54:05','2019-05-04','lorem ipsum');
insert into Audita
values(73,73,'Posto militar de Lisboa',73,'2016-10-1 13:10:05','2018-10-1 13:10:05','2019-05-04','lorem ipsum');
insert into Audita
values(74,74,'Forca aerea de Porto',74,'2014-11-4 13:10:37','2018-11-4 13:10:37','2019-05-04','lorem ipsum');
insert into Audita
values(75,75,'Hospital de Beja',75,'2012-12-23 13:06:05','2018-11-23 13:06:05','2019-05-04','lorem ipsum');
insert into Audita
values(76,76,'Policia de Oeiras',76,'2014-10-1 11:00:05','2018-10-1 11:00:05','2019-05-04','lorem ipsum');
insert into Audita
values(77,77,'Bombeiros de Amares',77,'2010-11-14 13:10:05','2018-11-14 13:10:05','2019-05-04','lorem ipsum');
insert into Audita
values(78,78,'Posto militar de Ponta Delgada',78,'1999-10-1 23:10:05','2018-10-1 23:10:05','2019-05-04','lorem ipsum');
insert into Audita
values(79,79,'Forca aerea de Alcains',79,'1053-10-1 13:10:05','2018-10-1 13:10:05','2019-05-04','lorem ipsum');
insert into Audita
values(80,80,'Hospital de Sarnadas',80,'2015-10-7 13:09:05','2018-10-7 13:09:05','2019-05-04','lorem ipsum');
insert into Audita
values(81,81,'Policia de Rodao',81,'2011-8-1 15:15:05','2018-8-1 15:15:05','2019-05-04','lorem ipsum');
insert into Audita
values(82,82,'Bombeiros de Arez',82,'2017-10-1 17:54:05','2018-10-1 17:54:05','2019-05-04','lorem ipsum');
insert into Audita
values(83,83,'Posto militar de Nisa',83,'2016-10-1 13:10:05','2018-10-1 13:10:05','2019-05-04','lorem ipsum');
insert into Audita
values(84,84,'Forca aerea de Mora',84,'2014-11-4 13:10:37','2018-11-4 13:10:37','2019-05-04','lorem ipsum');
insert into Audita
values(85,85,'Hospital de Portalegre',85,'2012-12-23 13:06:05','2018-11-23 13:06:05','2019-05-04','lorem ipsum');
insert into Audita
values(86,86,'Policia de Aveiro',86,'2014-10-1 11:00:05','2018-10-1 11:00:05','2019-05-04','lorem ipsum');
insert into Audita
values(87,87,'Bombeiros de Guarda',87,'2010-11-14 13:10:05','2018-11-14 13:10:05','2019-05-04','lorem ipsum');
insert into Audita
values(88,88,'Posto militar de Almourol',88,'1999-10-1 23:10:05','2018-10-1 23:10:05','2019-05-04','lorem ipsum');
insert into Audita
values(89,89,'Forca aerea de Abrantes',89,'1053-10-1 13:10:05','2018-10-1 13:10:05','2019-05-04','lorem ipsum');
insert into Audita
values(90,90,'Hospital de Vila Real',90,'2015-10-7 13:09:05','2018-10-7 13:09:05','2019-05-04','lorem ipsum');
insert into Audita
values(91,91,'Policia de Entroncamento',91,'2011-8-1 15:15:05','2018-8-1 15:15:05','2019-05-04','lorem ipsum');
insert into Audita
values(92,92,'Bombeiros de Santarem',92,'2017-10-1 17:54:05','2018-10-1 17:54:05','2019-05-04','lorem ipsum');
insert into Audita
values(93,93,'Posto militar de Caldas da Rainha',93,'2016-10-1 13:10:05','2018-10-1 13:10:05','2019-05-04','lorem ipsum');
insert into Audita
values(94,94,'Forca aerea de Torres Vedras',94,'2014-11-4 13:10:37','2018-11-4 13:10:37','2019-05-04','lorem ipsum');
insert into Audita
values(95,95,'Hospital de Torres Novas',95,'2012-12-23 13:06:05','2018-11-23 13:06:05','2019-05-04','lorem ipsum');
insert into Audita
values(96,96,'Policia de Castelo Branco',96,'2014-10-1 11:00:05','2018-10-1 11:00:05','2019-05-04','lorem ipsum');
insert into Audita
values(97,97,'Bombeiros de Lisboa',97,'2010-11-14 13:10:05','2018-11-14 13:10:05','2019-05-04','lorem ipsum');
insert into Audita
values(98,98,'Posto militar de Porto',98,'1999-10-1 23:10:05','2018-10-1 23:10:05','2019-05-04','lorem ipsum');
insert into Audita
values(99,99,'Forca aerea de Beja',99,'1053-10-1 13:10:05','2018-10-1 13:10:05','2019-05-04','lorem ipsum');
insert into Audita
values(100,100,'Hospital de Castelo Branco',100,'2015-10-7 13:09:05','2018-10-7 13:09:05','2019-05-04','lorem ipsum');
insert into Meio
values (101,'Meio 101','Hospital de Castelo Branco' );
insert into MeioCombate
values (101,'Hospital de Castelo Branco' );
insert into Acciona
values(1,'Policia de Lisboa',3);
insert into Acciona
values(1,'Policia de Lisboa',4);
insert into EventoEmergencia
values( '912345678', '2018-7-21 22:22:00', 'Carolina Carreira', 'Rua 0 Castelo Branco', 6);
insert into EventoEmergencia
values( '912355678', '2018-7-21 22:22:02', 'Carolina Carreira', 'Rua 0 Castelo Branco', 7);
insert into EventoEmergencia
values( '912355679', '2018-7-21 22:22:03', 'Carolina Carreira', 'Rua 0 Castelo Branco', 8);
insert into Local
values('Oliveira do Hospital');
insert into ProcessoSocorro
 values(101);
insert into ProcessoSocorro
 values(102);
insert into EventoEmergencia
values( '912345672', '2018-8-13 22:22:00', 'Carolina Carreira', 'Oliveira do Hospital', 101);
insert into EventoEmergencia
values( '911345678', '2018-8-12 22:24:00', 'Carolina Carreira', 'Oliveira do Hospital', 102);
insert into acciona
values(1, 'Policia de Lisboa', 101);
insert into Acciona
values(100, 'Hospital de Castelo Branco', 102);
insert into Acciona
values(1, 'Policia de Lisboa', 14);
insert into Acciona
values(100, 'Hospital de Castelo Branco', 11);
insert into acciona
values(101, 'Hospital de Castelo Branco', 11);
insert into Acciona
values( 2 , 'Bombeiros de Porto' , 1 );
insert into Acciona
values( 2 , 'Bombeiros de Porto' , 3 );
insert into Acciona
values( 2 , 'Bombeiros de Porto' , 4 );
insert into Acciona
values( 2 , 'Bombeiros de Porto' , 5 );
insert into Acciona
values( 2 , 'Bombeiros de Porto' , 6 );
insert into Acciona
values( 2 , 'Bombeiros de Porto' , 7 );
insert into Acciona
values( 2 , 'Bombeiros de Porto' , 8 );
insert into Acciona
values( 2 , 'Bombeiros de Porto' , 9 );
insert into Acciona
values( 2 , 'Bombeiros de Porto' , 10 );
insert into Acciona
values( 2 , 'Bombeiros de Porto' , 11 );
insert into Acciona
values( 2 , 'Bombeiros de Porto' , 12 );
insert into Acciona
values( 2 , 'Bombeiros de Porto' , 13 );
insert into Acciona
values( 2 , 'Bombeiros de Porto' , 14 );
insert into Acciona
values( 2 , 'Bombeiros de Porto' , 15 );
insert into Acciona
values( 2 , 'Bombeiros de Porto' , 16 );
insert into Acciona
values( 2 , 'Bombeiros de Porto' , 17 );
insert into Acciona
values( 2 , 'Bombeiros de Porto' , 18 );
insert into Acciona
values( 2 , 'Bombeiros de Porto' , 19 );
insert into Acciona
values( 2 , 'Bombeiros de Porto' , 20 );
insert into Acciona
values( 2 , 'Bombeiros de Porto' , 21 );
insert into Acciona
values( 2 , 'Bombeiros de Porto' , 22 );
insert into Acciona
values( 2 , 'Bombeiros de Porto' , 23 );
insert into Acciona
values( 2 , 'Bombeiros de Porto' , 24 );
insert into Acciona
values( 2 , 'Bombeiros de Porto' , 25 );
insert into Acciona
values( 2 , 'Bombeiros de Porto' , 26 );
insert into Acciona
values( 2 , 'Bombeiros de Porto' , 27 );
insert into Acciona
values( 2 , 'Bombeiros de Porto' , 28 );
insert into Acciona
values( 2 , 'Bombeiros de Porto' , 29 );
insert into Acciona
values( 2 , 'Bombeiros de Porto' , 30 );
insert into Acciona
values( 2 , 'Bombeiros de Porto' , 31 );
insert into Acciona
values( 2 , 'Bombeiros de Porto' , 32 );
insert into Acciona
values( 2 , 'Bombeiros de Porto' , 33 );
insert into Acciona
values( 2 , 'Bombeiros de Porto' , 34 );
insert into Acciona
values( 2 , 'Bombeiros de Porto' , 35 );
insert into Acciona
values( 2 , 'Bombeiros de Porto' , 36 );
insert into Acciona
values( 2 , 'Bombeiros de Porto' , 37 );
insert into Acciona
values( 2 , 'Bombeiros de Porto' , 38 );
insert into Acciona
values( 2 , 'Bombeiros de Porto' , 39 );
insert into Acciona
values( 2 , 'Bombeiros de Porto' , 40 );
insert into Acciona
values( 2 , 'Bombeiros de Porto' , 41 );
insert into Acciona
values( 2 , 'Bombeiros de Porto' , 42 );
insert into Acciona
values( 2 , 'Bombeiros de Porto' , 43 );
insert into Acciona
values( 2 , 'Bombeiros de Porto' , 44 );
insert into Acciona
values( 2 , 'Bombeiros de Porto' , 45 );
insert into Acciona
values( 2 , 'Bombeiros de Porto' , 46 );
insert into Acciona
values( 2 , 'Bombeiros de Porto' , 47 );
insert into Acciona
values( 2 , 'Bombeiros de Porto' , 48 );
insert into Acciona
values( 2 , 'Bombeiros de Porto' , 49 );
insert into Acciona
values( 2 , 'Bombeiros de Porto' , 50 );
insert into Acciona
values( 2 , 'Bombeiros de Porto' , 51 );
insert into Acciona
values( 2 , 'Bombeiros de Porto' , 52 );
insert into Acciona
values( 2 , 'Bombeiros de Porto' , 53 );
insert into Acciona
values( 2 , 'Bombeiros de Porto' , 54 );
insert into Acciona
values( 2 , 'Bombeiros de Porto' , 55 );
insert into Acciona
values( 2 , 'Bombeiros de Porto' , 56 );
insert into Acciona
values( 2 , 'Bombeiros de Porto' , 57 );
insert into Acciona
values( 2 , 'Bombeiros de Porto' , 58 );
insert into Acciona
values( 2 , 'Bombeiros de Porto' , 59 );
insert into Acciona
values( 2 , 'Bombeiros de Porto' , 60 );
insert into Acciona
values( 2 , 'Bombeiros de Porto' , 61 );
insert into Acciona
values( 2 , 'Bombeiros de Porto' , 62 );
insert into Acciona
values( 2 , 'Bombeiros de Porto' , 63 );
insert into Acciona
values( 2 , 'Bombeiros de Porto' , 64 );
insert into Acciona
values( 2 , 'Bombeiros de Porto' , 65 );
insert into Acciona
values( 2 , 'Bombeiros de Porto' , 66 );
insert into Acciona
values( 2 , 'Bombeiros de Porto' , 67 );
insert into Acciona
values( 2 , 'Bombeiros de Porto' , 68 );
insert into Acciona
values( 2 , 'Bombeiros de Porto' , 69 );
insert into Acciona
values( 2 , 'Bombeiros de Porto' , 70 );
insert into Acciona
values( 2 , 'Bombeiros de Porto' , 71 );
insert into Acciona
values( 2 , 'Bombeiros de Porto' , 72 );
insert into Acciona
values( 2 , 'Bombeiros de Porto' , 73 );
insert into Acciona
values( 2 , 'Bombeiros de Porto' , 74 );
insert into Acciona
values( 2 , 'Bombeiros de Porto' , 75 );
insert into Acciona
values( 2 , 'Bombeiros de Porto' , 76 );
insert into Acciona
values( 2 , 'Bombeiros de Porto' , 77 );
insert into Acciona
values( 2 , 'Bombeiros de Porto' , 78 );
insert into Acciona
values( 2 , 'Bombeiros de Porto' , 79 );
insert into Acciona
values( 2 , 'Bombeiros de Porto' , 80 );
insert into Acciona
values( 2 , 'Bombeiros de Porto' , 81 );
insert into Acciona
values( 2 , 'Bombeiros de Porto' , 82 );
insert into Acciona
values( 2 , 'Bombeiros de Porto' , 83 );
insert into Acciona
values( 2 , 'Bombeiros de Porto' , 84 );
insert into Acciona
values( 2 , 'Bombeiros de Porto' , 85 );
insert into Acciona
values( 2 , 'Bombeiros de Porto' , 86 );
insert into Acciona
values( 2 , 'Bombeiros de Porto' , 87 );
insert into Acciona
values( 2 , 'Bombeiros de Porto' , 88 );
insert into Acciona
values( 2 , 'Bombeiros de Porto' , 89 );
insert into Acciona
values( 2 , 'Bombeiros de Porto' , 90 );
insert into Acciona
values( 2 , 'Bombeiros de Porto' , 91 );
insert into Acciona
values( 2 , 'Bombeiros de Porto' , 92 );
insert into Acciona
values( 2 , 'Bombeiros de Porto' , 93 );
insert into Acciona
values( 2 , 'Bombeiros de Porto' , 94 );
insert into Acciona
values( 2 , 'Bombeiros de Porto' , 95 );
insert into Acciona
values( 2 , 'Bombeiros de Porto' , 96 );
insert into Acciona
values( 2 , 'Bombeiros de Porto' , 97 );
insert into Acciona
values( 2 , 'Bombeiros de Porto' , 98 );
insert into Acciona
values( 2 , 'Bombeiros de Porto' , 99 );
insert into Acciona
values( 2 , 'Bombeiros de Porto' , 100 );
insert into Acciona
values( 2 , 'Bombeiros de Porto' , 101 );
insert into Acciona
values( 2 , 'Bombeiros de Porto' , 102 );
